ADA,2000,DEMOCRAT,AL GORE,40650,REPUBLICAN,GEORGE W. BUSH,75050,GREEN,RALPH NADER,4846,OTHER,OTHER,2939,
ADA,2004,DEMOCRAT,JOHN KERRY,58523,REPUBLICAN,GEORGE W. BUSH,94641,OTHER,OTHER,1838,
ADA,2008,DEMOCRAT,BARACK OBAMA,82236,REPUBLICAN,JOHN MCCAIN,93328,OTHER,OTHER,3838,
ADA,2012,DEMOCRAT,BARACK OBAMA,77137,REPUBLICAN,MITT ROMNEY,97554,OTHER,OTHER,5855,
ADA,2016,DEMOCRAT,HILLARY CLINTON,75677,REPUBLICAN,DONALD TRUMP,93752,OTHER,OTHER,26240,
ADA,2020,DEMOCRAT,JOSEPH R BIDEN JR,120539,LIBERTARIAN,JO JORGENSEN,5310,OTHER,OTHER,2841,REPUBLICAN,DONALD J TRUMP,130699,
ADAMS,2000,DEMOCRAT,AL GORE,336,REPUBLICAN,GEORGE W. BUSH,1476,GREEN,RALPH NADER,41,OTHER,OTHER,56,
ADAMS,2004,DEMOCRAT,JOHN KERRY,555,REPUBLICAN,GEORGE W. BUSH,1468,OTHER,OTHER,40,
ADAMS,2008,DEMOCRAT,BARACK OBAMA,728,REPUBLICAN,JOHN MCCAIN,1517,OTHER,OTHER,75,
ADAMS,2012,DEMOCRAT,BARACK OBAMA,577,REPUBLICAN,MITT ROMNEY,1413,OTHER,OTHER,70,
ADAMS,2016,DEMOCRAT,HILLARY CLINTON,415,REPUBLICAN,DONALD TRUMP,1556,OTHER,OTHER,212,
ADAMS,2020,DEMOCRAT,JOSEPH R BIDEN JR,591,LIBERTARIAN,JO JORGENSEN,34,OTHER,OTHER,20,REPUBLICAN,DONALD J TRUMP,1941,
BANNOCK,2000,DEMOCRAT,AL GORE,10892,REPUBLICAN,GEORGE W. BUSH,18223,GREEN,RALPH NADER,920,OTHER,OTHER,817,
BANNOCK,2004,DEMOCRAT,JOHN KERRY,12903,REPUBLICAN,GEORGE W. BUSH,21479,OTHER,OTHER,461,
BANNOCK,2008,DEMOCRAT,BARACK OBAMA,14792,REPUBLICAN,JOHN MCCAIN,19356,OTHER,OTHER,957,
BANNOCK,2012,DEMOCRAT,BARACK OBAMA,13214,REPUBLICAN,MITT ROMNEY,21010,OTHER,OTHER,1036,
BANNOCK,2016,DEMOCRAT,HILLARY CLINTON,10342,REPUBLICAN,DONALD TRUMP,17180,OTHER,OTHER,5894,
BANNOCK,2020,DEMOCRAT,JOSEPH R BIDEN JR,14682,LIBERTARIAN,JO JORGENSEN,947,OTHER,OTHER,593,REPUBLICAN,DONALD J TRUMP,23331,
BEAR LAKE,2000,DEMOCRAT,AL GORE,517,REPUBLICAN,GEORGE W. BUSH,2296,GREEN,RALPH NADER,15,OTHER,OTHER,71,
BEAR LAKE,2004,DEMOCRAT,JOHN KERRY,494,REPUBLICAN,GEORGE W. BUSH,2506,OTHER,OTHER,40,
BEAR LAKE,2008,DEMOCRAT,BARACK OBAMA,502,REPUBLICAN,JOHN MCCAIN,2377,OTHER,OTHER,64,
BEAR LAKE,2012,DEMOCRAT,BARACK OBAMA,302,REPUBLICAN,MITT ROMNEY,2489,OTHER,OTHER,31,
BEAR LAKE,2016,DEMOCRAT,HILLARY CLINTON,255,REPUBLICAN,DONALD TRUMP,2203,OTHER,OTHER,470,
BEAR LAKE,2020,DEMOCRAT,JOSEPH R BIDEN JR,350,LIBERTARIAN,JO JORGENSEN,25,OTHER,OTHER,26,REPUBLICAN,DONALD J TRUMP,2914,
BENEWAH,2000,DEMOCRAT,AL GORE,895,REPUBLICAN,GEORGE W. BUSH,2606,GREEN,RALPH NADER,56,OTHER,OTHER,130,
BENEWAH,2004,DEMOCRAT,JOHN KERRY,1148,REPUBLICAN,GEORGE W. BUSH,2823,OTHER,OTHER,76,
BENEWAH,2008,DEMOCRAT,BARACK OBAMA,1407,REPUBLICAN,JOHN MCCAIN,2646,OTHER,OTHER,111,
BENEWAH,2012,DEMOCRAT,BARACK OBAMA,1164,REPUBLICAN,MITT ROMNEY,2596,OTHER,OTHER,124,
BENEWAH,2016,DEMOCRAT,HILLARY CLINTON,770,REPUBLICAN,DONALD TRUMP,3103,OTHER,OTHER,312,
BENEWAH,2020,DEMOCRAT,JOSEPH R BIDEN JR,977,LIBERTARIAN,JO JORGENSEN,58,OTHER,OTHER,60,REPUBLICAN,DONALD J TRUMP,3878,
BINGHAM,2000,DEMOCRAT,AL GORE,3310,REPUBLICAN,GEORGE W. BUSH,10628,GREEN,RALPH NADER,74,OTHER,OTHER,453,
BINGHAM,2004,DEMOCRAT,JOHN KERRY,3605,REPUBLICAN,GEORGE W. BUSH,12734,OTHER,OTHER,225,
BINGHAM,2008,DEMOCRAT,BARACK OBAMA,4424,REPUBLICAN,JOHN MCCAIN,12230,OTHER,OTHER,501,
BINGHAM,2012,DEMOCRAT,BARACK OBAMA,3822,REPUBLICAN,MITT ROMNEY,13440,OTHER,OTHER,341,
BINGHAM,2016,DEMOCRAT,HILLARY CLINTON,2924,REPUBLICAN,DONALD TRUMP,10907,OTHER,OTHER,2794,
BINGHAM,2020,DEMOCRAT,JOSEPH R BIDEN JR,4124,LIBERTARIAN,JO JORGENSEN,307,OTHER,OTHER,270,REPUBLICAN,DONALD J TRUMP,15295,
BLAINE,2000,DEMOCRAT,AL GORE,3748,REPUBLICAN,GEORGE W. BUSH,3528,GREEN,RALPH NADER,428,OTHER,OTHER,234,
BLAINE,2004,DEMOCRAT,JOHN KERRY,5992,REPUBLICAN,GEORGE W. BUSH,4034,OTHER,OTHER,120,
BLAINE,2008,DEMOCRAT,BARACK OBAMA,6947,REPUBLICAN,JOHN MCCAIN,3439,OTHER,OTHER,185,
BLAINE,2012,DEMOCRAT,BARACK OBAMA,5992,REPUBLICAN,MITT ROMNEY,3939,OTHER,OTHER,263,
BLAINE,2016,DEMOCRAT,HILLARY CLINTON,6416,REPUBLICAN,DONALD TRUMP,3340,OTHER,OTHER,968,
BLAINE,2020,DEMOCRAT,JOSEPH R BIDEN JR,8919,LIBERTARIAN,JO JORGENSEN,168,OTHER,OTHER,170,REPUBLICAN,DONALD J TRUMP,4032,
BOISE,2000,DEMOCRAT,AL GORE,745,REPUBLICAN,GEORGE W. BUSH,2019,GREEN,RALPH NADER,123,OTHER,OTHER,168,
BOISE,2004,DEMOCRAT,JOHN KERRY,970,REPUBLICAN,GEORGE W. BUSH,2501,OTHER,OTHER,56,
BOISE,2008,DEMOCRAT,BARACK OBAMA,1240,REPUBLICAN,JOHN MCCAIN,2433,OTHER,OTHER,100,
BOISE,2012,DEMOCRAT,BARACK OBAMA,1053,REPUBLICAN,MITT ROMNEY,2284,OTHER,OTHER,108,
BOISE,2016,DEMOCRAT,HILLARY CLINTON,777,REPUBLICAN,DONALD TRUMP,2673,OTHER,OTHER,364,
BOISE,2020,DEMOCRAT,JOSEPH R BIDEN JR,1204,LIBERTARIAN,JO JORGENSEN,67,OTHER,OTHER,64,REPUBLICAN,DONALD J TRUMP,3485,
BONNER,2000,DEMOCRAT,AL GORE,4318,REPUBLICAN,GEORGE W. BUSH,8945,GREEN,RALPH NADER,893,OTHER,OTHER,381,
BONNER,2004,DEMOCRAT,JOHN KERRY,6649,REPUBLICAN,GEORGE W. BUSH,10697,OTHER,OTHER,335,
BONNER,2008,DEMOCRAT,BARACK OBAMA,7840,REPUBLICAN,JOHN MCCAIN,11145,OTHER,OTHER,562,
BONNER,2012,DEMOCRAT,BARACK OBAMA,6500,REPUBLICAN,MITT ROMNEY,11367,OTHER,OTHER,669,
BONNER,2016,DEMOCRAT,HILLARY CLINTON,5819,REPUBLICAN,DONALD TRUMP,13343,OTHER,OTHER,1781,
BONNER,2020,DEMOCRAT,JOSEPH R BIDEN JR,8310,LIBERTARIAN,JO JORGENSEN,401,OTHER,OTHER,255,REPUBLICAN,DONALD J TRUMP,18369,
BONNEVILLE,2000,DEMOCRAT,AL GORE,7235,REPUBLICAN,GEORGE W. BUSH,24988,GREEN,RALPH NADER,363,OTHER,OTHER,970,
BONNEVILLE,2004,DEMOCRAT,JOHN KERRY,8356,REPUBLICAN,GEORGE W. BUSH,30048,OTHER,OTHER,467,
BONNEVILLE,2008,DEMOCRAT,BARACK OBAMA,11417,REPUBLICAN,JOHN MCCAIN,29334,OTHER,OTHER,952,
BONNEVILLE,2012,DEMOCRAT,BARACK OBAMA,9903,REPUBLICAN,MITT ROMNEY,32276,OTHER,OTHER,1034,
BONNEVILLE,2016,DEMOCRAT,HILLARY CLINTON,8930,REPUBLICAN,DONALD TRUMP,26699,OTHER,OTHER,8592,
BONNEVILLE,2020,DEMOCRAT,JOSEPH R BIDEN JR,14254,LIBERTARIAN,JO JORGENSEN,1288,OTHER,OTHER,648,REPUBLICAN,DONALD J TRUMP,37805,
BOUNDARY,2000,DEMOCRAT,AL GORE,832,REPUBLICAN,GEORGE W. BUSH,2797,GREEN,RALPH NADER,132,OTHER,OTHER,123,
BOUNDARY,2004,DEMOCRAT,JOHN KERRY,1268,REPUBLICAN,GEORGE W. BUSH,3012,OTHER,OTHER,98,
BOUNDARY,2008,DEMOCRAT,BARACK OBAMA,1484,REPUBLICAN,JOHN MCCAIN,3078,OTHER,OTHER,171,
BOUNDARY,2012,DEMOCRAT,BARACK OBAMA,1225,REPUBLICAN,MITT ROMNEY,3138,OTHER,OTHER,181,
BOUNDARY,2016,DEMOCRAT,HILLARY CLINTON,933,REPUBLICAN,DONALD TRUMP,3789,OTHER,OTHER,441,
BOUNDARY,2020,DEMOCRAT,JOSEPH R BIDEN JR,1220,LIBERTARIAN,JO JORGENSEN,82,OTHER,OTHER,74,REPUBLICAN,DONALD J TRUMP,4937,
BUTTE,2000,DEMOCRAT,AL GORE,354,REPUBLICAN,GEORGE W. BUSH,1054,GREEN,RALPH NADER,5,OTHER,OTHER,47,
BUTTE,2004,DEMOCRAT,JOHN KERRY,321,REPUBLICAN,GEORGE W. BUSH,1077,OTHER,OTHER,8,
BUTTE,2008,DEMOCRAT,BARACK OBAMA,318,REPUBLICAN,JOHN MCCAIN,1056,OTHER,OTHER,36,
BUTTE,2012,DEMOCRAT,BARACK OBAMA,258,REPUBLICAN,MITT ROMNEY,1001,OTHER,OTHER,27,
BUTTE,2016,DEMOCRAT,HILLARY CLINTON,160,REPUBLICAN,DONALD TRUMP,914,OTHER,OTHER,156,
BUTTE,2020,DEMOCRAT,JOSEPH R BIDEN JR,188,LIBERTARIAN,JO JORGENSEN,11,OTHER,OTHER,14,REPUBLICAN,DONALD J TRUMP,1202,
CAMAS,2000,DEMOCRAT,AL GORE,113,REPUBLICAN,GEORGE W. BUSH,359,GREEN,RALPH NADER,7,OTHER,OTHER,28,
CAMAS,2004,DEMOCRAT,JOHN KERRY,139,REPUBLICAN,GEORGE W. BUSH,450,OTHER,OTHER,6,
CAMAS,2008,DEMOCRAT,BARACK OBAMA,187,REPUBLICAN,JOHN MCCAIN,422,OTHER,OTHER,9,
CAMAS,2012,DEMOCRAT,BARACK OBAMA,159,REPUBLICAN,MITT ROMNEY,402,OTHER,OTHER,17,
CAMAS,2016,DEMOCRAT,HILLARY CLINTON,110,REPUBLICAN,DONALD TRUMP,410,OTHER,OTHER,70,
CAMAS,2020,DEMOCRAT,JOSEPH R BIDEN JR,149,LIBERTARIAN,JO JORGENSEN,7,OTHER,OTHER,91,REPUBLICAN,DONALD J TRUMP,507,
CANYON,2000,DEMOCRAT,AL GORE,10588,REPUBLICAN,GEORGE W. BUSH,30560,GREEN,RALPH NADER,588,OTHER,OTHER,1264,
CANYON,2004,DEMOCRAT,JOHN KERRY,13415,REPUBLICAN,GEORGE W. BUSH,41599,OTHER,OTHER,678,
CANYON,2008,DEMOCRAT,BARACK OBAMA,20147,REPUBLICAN,JOHN MCCAIN,42752,OTHER,OTHER,1347,
CANYON,2012,DEMOCRAT,BARACK OBAMA,19866,REPUBLICAN,MITT ROMNEY,44369,OTHER,OTHER,1855,
CANYON,2016,DEMOCRAT,HILLARY CLINTON,16883,REPUBLICAN,DONALD TRUMP,47222,OTHER,OTHER,8680,
CANYON,2020,DEMOCRAT,JOSEPH R BIDEN JR,25881,LIBERTARIAN,JO JORGENSEN,1696,OTHER,OTHER,1074,REPUBLICAN,DONALD J TRUMP,61759,
CARIBOU,2000,DEMOCRAT,AL GORE,475,REPUBLICAN,GEORGE W. BUSH,2601,GREEN,RALPH NADER,28,OTHER,OTHER,73,
CARIBOU,2004,DEMOCRAT,JOHN KERRY,491,REPUBLICAN,GEORGE W. BUSH,2753,OTHER,OTHER,37,
CARIBOU,2008,DEMOCRAT,BARACK OBAMA,553,REPUBLICAN,JOHN MCCAIN,2656,OTHER,OTHER,93,
CARIBOU,2012,DEMOCRAT,BARACK OBAMA,386,REPUBLICAN,MITT ROMNEY,2608,OTHER,OTHER,58,
CARIBOU,2016,DEMOCRAT,HILLARY CLINTON,271,REPUBLICAN,DONALD TRUMP,2275,OTHER,OTHER,489,
CARIBOU,2020,DEMOCRAT,JOSEPH R BIDEN JR,431,LIBERTARIAN,JO JORGENSEN,41,OTHER,OTHER,38,REPUBLICAN,DONALD J TRUMP,2906,
CASSIA,2000,DEMOCRAT,AL GORE,1087,REPUBLICAN,GEORGE W. BUSH,5983,GREEN,RALPH NADER,20,OTHER,OTHER,189,
CASSIA,2004,DEMOCRAT,JOHN KERRY,1153,REPUBLICAN,GEORGE W. BUSH,6562,OTHER,OTHER,106,
CASSIA,2008,DEMOCRAT,BARACK OBAMA,1332,REPUBLICAN,JOHN MCCAIN,6309,OTHER,OTHER,201,
CASSIA,2012,DEMOCRAT,BARACK OBAMA,1098,REPUBLICAN,MITT ROMNEY,7154,OTHER,OTHER,144,
CASSIA,2016,DEMOCRAT,HILLARY CLINTON,1036,REPUBLICAN,DONALD TRUMP,5949,OTHER,OTHER,1193,
CASSIA,2020,DEMOCRAT,JOSEPH R BIDEN JR,1464,LIBERTARIAN,JO JORGENSEN,121,OTHER,OTHER,137,REPUBLICAN,DONALD J TRUMP,7907,
CLARK,2000,DEMOCRAT,AL GORE,63,REPUBLICAN,GEORGE W. BUSH,311,GREEN,RALPH NADER,1,OTHER,OTHER,7,
CLARK,2004,DEMOCRAT,JOHN KERRY,46,REPUBLICAN,GEORGE W. BUSH,302,OTHER,OTHER,5,
CLARK,2008,DEMOCRAT,BARACK OBAMA,64,REPUBLICAN,JOHN MCCAIN,305,OTHER,OTHER,6,
CLARK,2012,DEMOCRAT,BARACK OBAMA,66,REPUBLICAN,MITT ROMNEY,235,OTHER,OTHER,27,
CLARK,2016,DEMOCRAT,HILLARY CLINTON,44,REPUBLICAN,DONALD TRUMP,203,OTHER,OTHER,36,
CLARK,2020,DEMOCRAT,JOSEPH R BIDEN JR,41,LIBERTARIAN,JO JORGENSEN,4,OTHER,OTHER,2,REPUBLICAN,DONALD J TRUMP,264,
CLEARWATER,2000,DEMOCRAT,AL GORE,841,REPUBLICAN,GEORGE W. BUSH,2885,GREEN,RALPH NADER,34,OTHER,OTHER,136,
CLEARWATER,2004,DEMOCRAT,JOHN KERRY,1117,REPUBLICAN,GEORGE W. BUSH,2839,OTHER,OTHER,78,
CLEARWATER,2008,DEMOCRAT,BARACK OBAMA,1211,REPUBLICAN,JOHN MCCAIN,2569,OTHER,OTHER,126,
CLEARWATER,2012,DEMOCRAT,BARACK OBAMA,1032,REPUBLICAN,MITT ROMNEY,2541,OTHER,OTHER,123,
CLEARWATER,2016,DEMOCRAT,HILLARY CLINTON,704,REPUBLICAN,DONALD TRUMP,2852,OTHER,OTHER,245,
CLEARWATER,2020,DEMOCRAT,JOSEPH R BIDEN JR,877,LIBERTARIAN,JO JORGENSEN,47,OTHER,OTHER,42,REPUBLICAN,DONALD J TRUMP,3453,
CUSTER,2000,DEMOCRAT,AL GORE,416,REPUBLICAN,GEORGE W. BUSH,1794,GREEN,RALPH NADER,44,OTHER,OTHER,76,
CUSTER,2004,DEMOCRAT,JOHN KERRY,559,REPUBLICAN,GEORGE W. BUSH,1762,OTHER,OTHER,37,
CUSTER,2008,DEMOCRAT,BARACK OBAMA,611,REPUBLICAN,JOHN MCCAIN,1694,OTHER,OTHER,47,
CUSTER,2012,DEMOCRAT,BARACK OBAMA,530,REPUBLICAN,MITT ROMNEY,1744,OTHER,OTHER,78,
CUSTER,2016,DEMOCRAT,HILLARY CLINTON,427,REPUBLICAN,DONALD TRUMP,1777,OTHER,OTHER,210,
CUSTER,2020,DEMOCRAT,JOSEPH R BIDEN JR,603,LIBERTARIAN,JO JORGENSEN,17,OTHER,OTHER,30,REPUBLICAN,DONALD J TRUMP,2089,
ELMORE,2000,DEMOCRAT,AL GORE,1840,REPUBLICAN,GEORGE W. BUSH,4891,GREEN,RALPH NADER,97,OTHER,OTHER,138,
ELMORE,2004,DEMOCRAT,JOHN KERRY,1959,REPUBLICAN,GEORGE W. BUSH,6011,OTHER,OTHER,89,
ELMORE,2008,DEMOCRAT,BARACK OBAMA,2591,REPUBLICAN,JOHN MCCAIN,5665,OTHER,OTHER,180,
ELMORE,2012,DEMOCRAT,BARACK OBAMA,2513,REPUBLICAN,MITT ROMNEY,5227,OTHER,OTHER,261,
ELMORE,2016,DEMOCRAT,HILLARY CLINTON,1814,REPUBLICAN,DONALD TRUMP,5816,OTHER,OTHER,892,
ELMORE,2020,DEMOCRAT,JOSEPH R BIDEN JR,2601,LIBERTARIAN,JO JORGENSEN,225,OTHER,OTHER,133,REPUBLICAN,DONALD J TRUMP,7246,
FRANKLIN,2000,DEMOCRAT,AL GORE,513,REPUBLICAN,GEORGE W. BUSH,3594,GREEN,RALPH NADER,19,OTHER,OTHER,117,
FRANKLIN,2004,DEMOCRAT,JOHN KERRY,456,REPUBLICAN,GEORGE W. BUSH,4527,OTHER,OTHER,71,
FRANKLIN,2008,DEMOCRAT,BARACK OBAMA,600,REPUBLICAN,JOHN MCCAIN,4246,OTHER,OTHER,227,
FRANKLIN,2012,DEMOCRAT,BARACK OBAMA,325,REPUBLICAN,MITT ROMNEY,5195,OTHER,OTHER,80,
FRANKLIN,2016,DEMOCRAT,HILLARY CLINTON,385,REPUBLICAN,DONALD TRUMP,3901,OTHER,OTHER,1213,
FRANKLIN,2020,DEMOCRAT,JOSEPH R BIDEN JR,657,LIBERTARIAN,JO JORGENSEN,87,OTHER,OTHER,75,REPUBLICAN,DONALD J TRUMP,5845,
FREMONT,2000,DEMOCRAT,AL GORE,699,REPUBLICAN,GEORGE W. BUSH,4242,GREEN,RALPH NADER,33,OTHER,OTHER,114,
FREMONT,2004,DEMOCRAT,JOHN KERRY,741,REPUBLICAN,GEORGE W. BUSH,4965,OTHER,OTHER,63,
FREMONT,2008,DEMOCRAT,BARACK OBAMA,1065,REPUBLICAN,JOHN MCCAIN,4700,OTHER,OTHER,115,
FREMONT,2012,DEMOCRAT,BARACK OBAMA,810,REPUBLICAN,MITT ROMNEY,4907,OTHER,OTHER,85,
FREMONT,2016,DEMOCRAT,HILLARY CLINTON,651,REPUBLICAN,DONALD TRUMP,4090,OTHER,OTHER,974,
FREMONT,2020,DEMOCRAT,JOSEPH R BIDEN JR,998,LIBERTARIAN,JO JORGENSEN,88,OTHER,OTHER,85,REPUBLICAN,DONALD J TRUMP,5548,
GEM,2000,DEMOCRAT,AL GORE,1346,REPUBLICAN,GEORGE W. BUSH,4376,GREEN,RALPH NADER,45,OTHER,OTHER,216,
GEM,2004,DEMOCRAT,JOHN KERRY,1628,REPUBLICAN,GEORGE W. BUSH,5416,OTHER,OTHER,90,
GEM,2008,DEMOCRAT,BARACK OBAMA,2166,REPUBLICAN,JOHN MCCAIN,5585,OTHER,OTHER,196,
GEM,2012,DEMOCRAT,BARACK OBAMA,1957,REPUBLICAN,MITT ROMNEY,5311,OTHER,OTHER,222,
GEM,2016,DEMOCRAT,HILLARY CLINTON,1229,REPUBLICAN,DONALD TRUMP,5980,OTHER,OTHER,745,
GEM,2020,DEMOCRAT,JOSEPH R BIDEN JR,1803,LIBERTARIAN,JO JORGENSEN,121,OTHER,OTHER,83,REPUBLICAN,DONALD J TRUMP,7951,
GOODING,2000,DEMOCRAT,AL GORE,1282,REPUBLICAN,GEORGE W. BUSH,3502,GREEN,RALPH NADER,55,OTHER,OTHER,187,
GOODING,2004,DEMOCRAT,JOHN KERRY,1278,REPUBLICAN,GEORGE W. BUSH,3973,OTHER,OTHER,74,
GOODING,2008,DEMOCRAT,BARACK OBAMA,1489,REPUBLICAN,JOHN MCCAIN,3765,OTHER,OTHER,137,
GOODING,2012,DEMOCRAT,BARACK OBAMA,1287,REPUBLICAN,MITT ROMNEY,3696,OTHER,OTHER,135,
GOODING,2016,DEMOCRAT,HILLARY CLINTON,930,REPUBLICAN,DONALD TRUMP,3743,OTHER,OTHER,518,
GOODING,2020,DEMOCRAT,JOSEPH R BIDEN JR,1256,LIBERTARIAN,JO JORGENSEN,67,OTHER,OTHER,68,REPUBLICAN,DONALD J TRUMP,4659,
IDAHO,2000,DEMOCRAT,AL GORE,1187,REPUBLICAN,GEORGE W. BUSH,5806,GREEN,RALPH NADER,106,OTHER,OTHER,353,
IDAHO,2004,DEMOCRAT,JOHN KERRY,1689,REPUBLICAN,GEORGE W. BUSH,6017,OTHER,OTHER,259,
IDAHO,2008,DEMOCRAT,BARACK OBAMA,2017,REPUBLICAN,JOHN MCCAIN,5895,OTHER,OTHER,298,
IDAHO,2012,DEMOCRAT,BARACK OBAMA,1708,REPUBLICAN,MITT ROMNEY,5921,OTHER,OTHER,208,
IDAHO,2016,DEMOCRAT,HILLARY CLINTON,1196,REPUBLICAN,DONALD TRUMP,6441,OTHER,OTHER,596,
IDAHO,2020,DEMOCRAT,JOSEPH R BIDEN JR,1561,LIBERTARIAN,JO JORGENSEN,118,OTHER,OTHER,97,REPUBLICAN,DONALD J TRUMP,7826,
JEFFERSON,2000,DEMOCRAT,AL GORE,1100,REPUBLICAN,GEORGE W. BUSH,6480,GREEN,RALPH NADER,25,OTHER,OTHER,231,
JEFFERSON,2004,DEMOCRAT,JOHN KERRY,1084,REPUBLICAN,GEORGE W. BUSH,7703,OTHER,OTHER,119,
JEFFERSON,2008,DEMOCRAT,BARACK OBAMA,1641,REPUBLICAN,JOHN MCCAIN,8540,OTHER,OTHER,260,
JEFFERSON,2012,DEMOCRAT,BARACK OBAMA,1303,REPUBLICAN,MITT ROMNEY,9895,OTHER,OTHER,183,
JEFFERSON,2016,DEMOCRAT,HILLARY CLINTON,976,REPUBLICAN,DONALD TRUMP,8436,OTHER,OTHER,2063,
JEFFERSON,2020,DEMOCRAT,JOSEPH R BIDEN JR,1661,LIBERTARIAN,JO JORGENSEN,252,OTHER,OTHER,161,REPUBLICAN,DONALD J TRUMP,12099,
JEROME,2000,DEMOCRAT,AL GORE,1360,REPUBLICAN,GEORGE W. BUSH,4418,GREEN,RALPH NADER,24,OTHER,OTHER,205,
JEROME,2004,DEMOCRAT,JOHN KERRY,1344,REPUBLICAN,GEORGE W. BUSH,5177,OTHER,OTHER,59,
JEROME,2008,DEMOCRAT,BARACK OBAMA,1794,REPUBLICAN,JOHN MCCAIN,4897,OTHER,OTHER,156,
JEROME,2012,DEMOCRAT,BARACK OBAMA,1699,REPUBLICAN,MITT ROMNEY,4804,OTHER,OTHER,178,
JEROME,2016,DEMOCRAT,HILLARY CLINTON,1329,REPUBLICAN,DONALD TRUMP,4644,OTHER,OTHER,778,
JEROME,2020,DEMOCRAT,JOSEPH R BIDEN JR,1893,LIBERTARIAN,JO JORGENSEN,100,OTHER,OTHER,85,REPUBLICAN,DONALD J TRUMP,5734,
KOOTENAI,2000,DEMOCRAT,AL GORE,13488,REPUBLICAN,GEORGE W. BUSH,28162,GREEN,RALPH NADER,1083,OTHER,OTHER,1079,
KOOTENAI,2004,DEMOCRAT,JOHN KERRY,17584,REPUBLICAN,GEORGE W. BUSH,36173,OTHER,OTHER,839,
KOOTENAI,2008,DEMOCRAT,BARACK OBAMA,22120,REPUBLICAN,JOHN MCCAIN,38387,OTHER,OTHER,1425,
KOOTENAI,2012,DEMOCRAT,BARACK OBAMA,18851,REPUBLICAN,MITT ROMNEY,39381,OTHER,OTHER,1596,
KOOTENAI,2016,DEMOCRAT,HILLARY CLINTON,16264,REPUBLICAN,DONALD TRUMP,44449,OTHER,OTHER,5597,
KOOTENAI,2020,DEMOCRAT,JOSEPH R BIDEN JR,24312,LIBERTARIAN,JO JORGENSEN,1594,OTHER,OTHER,724,REPUBLICAN,DONALD J TRUMP,62837,
LATAH,2000,DEMOCRAT,AL GORE,5661,REPUBLICAN,GEORGE W. BUSH,8161,GREEN,RALPH NADER,999,OTHER,OTHER,490,
LATAH,2004,DEMOCRAT,JOHN KERRY,8430,REPUBLICAN,GEORGE W. BUSH,8686,OTHER,OTHER,431,
LATAH,2008,DEMOCRAT,BARACK OBAMA,9195,REPUBLICAN,JOHN MCCAIN,7988,OTHER,OTHER,531,
LATAH,2012,DEMOCRAT,BARACK OBAMA,8306,REPUBLICAN,MITT ROMNEY,7589,OTHER,OTHER,864,
LATAH,2016,DEMOCRAT,HILLARY CLINTON,8093,REPUBLICAN,DONALD TRUMP,7265,OTHER,OTHER,2815,
LATAH,2020,DEMOCRAT,JOSEPH R BIDEN JR,10236,LIBERTARIAN,JO JORGENSEN,608,OTHER,OTHER,254,REPUBLICAN,DONALD J TRUMP,9472,
LEMHI,2000,DEMOCRAT,AL GORE,660,REPUBLICAN,GEORGE W. BUSH,2859,GREEN,RALPH NADER,12,OTHER,OTHER,110,
LEMHI,2004,DEMOCRAT,JOHN KERRY,915,REPUBLICAN,GEORGE W. BUSH,3079,OTHER,OTHER,59,
LEMHI,2008,DEMOCRAT,BARACK OBAMA,1061,REPUBLICAN,JOHN MCCAIN,2938,OTHER,OTHER,106,
LEMHI,2012,DEMOCRAT,BARACK OBAMA,960,REPUBLICAN,MITT ROMNEY,3029,OTHER,OTHER,121,
LEMHI,2016,DEMOCRAT,HILLARY CLINTON,733,REPUBLICAN,DONALD TRUMP,3011,OTHER,OTHER,352,
LEMHI,2020,DEMOCRAT,JOSEPH R BIDEN JR,1032,LIBERTARIAN,JO JORGENSEN,78,OTHER,OTHER,36,REPUBLICAN,DONALD J TRUMP,3592,
LEWIS,2000,DEMOCRAT,AL GORE,335,REPUBLICAN,GEORGE W. BUSH,1295,GREEN,RALPH NADER,13,OTHER,OTHER,45,
LEWIS,2004,DEMOCRAT,JOHN KERRY,440,REPUBLICAN,GEORGE W. BUSH,1359,OTHER,OTHER,21,
LEWIS,2008,DEMOCRAT,BARACK OBAMA,479,REPUBLICAN,JOHN MCCAIN,1275,OTHER,OTHER,50,
LEWIS,2012,DEMOCRAT,BARACK OBAMA,396,REPUBLICAN,MITT ROMNEY,1173,OTHER,OTHER,45,
LEWIS,2016,DEMOCRAT,HILLARY CLINTON,270,REPUBLICAN,DONALD TRUMP,1202,OTHER,OTHER,118,
LEWIS,2020,DEMOCRAT,JOSEPH R BIDEN JR,349,LIBERTARIAN,JO JORGENSEN,16,OTHER,OTHER,16,REPUBLICAN,DONALD J TRUMP,1489,
LINCOLN,2000,DEMOCRAT,AL GORE,437,REPUBLICAN,GEORGE W. BUSH,1049,GREEN,RALPH NADER,18,OTHER,OTHER,70,
LINCOLN,2004,DEMOCRAT,JOHN KERRY,466,REPUBLICAN,GEORGE W. BUSH,1388,OTHER,OTHER,21,
LINCOLN,2008,DEMOCRAT,BARACK OBAMA,545,REPUBLICAN,JOHN MCCAIN,1232,OTHER,OTHER,93,
LINCOLN,2012,DEMOCRAT,BARACK OBAMA,469,REPUBLICAN,MITT ROMNEY,1141,OTHER,OTHER,52,
LINCOLN,2016,DEMOCRAT,HILLARY CLINTON,360,REPUBLICAN,DONALD TRUMP,1184,OTHER,OTHER,204,
LINCOLN,2020,DEMOCRAT,JOSEPH R BIDEN JR,414,LIBERTARIAN,JO JORGENSEN,21,OTHER,OTHER,36,REPUBLICAN,DONALD J TRUMP,1469,
MADISON,2000,DEMOCRAT,AL GORE,816,REPUBLICAN,GEORGE W. BUSH,7941,GREEN,RALPH NADER,37,OTHER,OTHER,176,
MADISON,2004,DEMOCRAT,JOHN KERRY,826,REPUBLICAN,GEORGE W. BUSH,10693,OTHER,OTHER,118,
MADISON,2008,DEMOCRAT,BARACK OBAMA,1627,REPUBLICAN,JOHN MCCAIN,11131,OTHER,OTHER,299,
MADISON,2012,DEMOCRAT,BARACK OBAMA,832,REPUBLICAN,MITT ROMNEY,13445,OTHER,OTHER,135,
MADISON,2016,DEMOCRAT,HILLARY CLINTON,1201,REPUBLICAN,DONALD TRUMP,8941,OTHER,OTHER,5546,
MADISON,2020,DEMOCRAT,JOSEPH R BIDEN JR,2666,LIBERTARIAN,JO JORGENSEN,644,OTHER,OTHER,243,REPUBLICAN,DONALD J TRUMP,13559,
MINIDOKA,2000,DEMOCRAT,AL GORE,1344,REPUBLICAN,GEORGE W. BUSH,4907,GREEN,RALPH NADER,30,OTHER,OTHER,237,
MINIDOKA,2004,DEMOCRAT,JOHN KERRY,1331,REPUBLICAN,GEORGE W. BUSH,5797,OTHER,OTHER,72,
MINIDOKA,2008,DEMOCRAT,BARACK OBAMA,1630,REPUBLICAN,JOHN MCCAIN,5087,OTHER,OTHER,173,
MINIDOKA,2012,DEMOCRAT,BARACK OBAMA,1390,REPUBLICAN,MITT ROMNEY,5442,OTHER,OTHER,141,
MINIDOKA,2016,DEMOCRAT,HILLARY CLINTON,1167,REPUBLICAN,DONALD TRUMP,4887,OTHER,OTHER,817,
MINIDOKA,2020,DEMOCRAT,JOSEPH R BIDEN JR,1550,LIBERTARIAN,JO JORGENSEN,87,OTHER,OTHER,91,REPUBLICAN,DONALD J TRUMP,6265,
NEZ PERCE,2000,DEMOCRAT,AL GORE,4995,REPUBLICAN,GEORGE W. BUSH,10577,GREEN,RALPH NADER,141,OTHER,OTHER,308,
NEZ PERCE,2004,DEMOCRAT,JOHN KERRY,6476,REPUBLICAN,GEORGE W. BUSH,11009,OTHER,OTHER,215,
NEZ PERCE,2008,DEMOCRAT,BARACK OBAMA,7123,REPUBLICAN,JOHN MCCAIN,10357,OTHER,OTHER,343,
NEZ PERCE,2012,DEMOCRAT,BARACK OBAMA,6451,REPUBLICAN,MITT ROMNEY,9967,OTHER,OTHER,430,
NEZ PERCE,2016,DEMOCRAT,HILLARY CLINTON,4828,REPUBLICAN,DONALD TRUMP,10699,OTHER,OTHER,1674,
NEZ PERCE,2020,DEMOCRAT,JOSEPH R BIDEN JR,6686,LIBERTARIAN,JO JORGENSEN,296,OTHER,OTHER,247,REPUBLICAN,DONALD J TRUMP,13738,
ONEIDA,2000,DEMOCRAT,AL GORE,307,REPUBLICAN,GEORGE W. BUSH,1426,GREEN,RALPH NADER,8,OTHER,OTHER,57,
ONEIDA,2004,DEMOCRAT,JOHN KERRY,304,REPUBLICAN,GEORGE W. BUSH,1789,OTHER,OTHER,40,
ONEIDA,2008,DEMOCRAT,BARACK OBAMA,381,REPUBLICAN,JOHN MCCAIN,1724,OTHER,OTHER,57,
ONEIDA,2012,DEMOCRAT,BARACK OBAMA,217,REPUBLICAN,MITT ROMNEY,1838,OTHER,OTHER,34,
ONEIDA,2016,DEMOCRAT,HILLARY CLINTON,184,REPUBLICAN,DONALD TRUMP,1531,OTHER,OTHER,353,
ONEIDA,2020,DEMOCRAT,JOSEPH R BIDEN JR,249,LIBERTARIAN,JO JORGENSEN,27,OTHER,OTHER,27,REPUBLICAN,DONALD J TRUMP,2148,
OWYHEE,2000,DEMOCRAT,AL GORE,623,REPUBLICAN,GEORGE W. BUSH,2450,GREEN,RALPH NADER,22,OTHER,OTHER,93,
OWYHEE,2004,DEMOCRAT,JOHN KERRY,685,REPUBLICAN,GEORGE W. BUSH,2859,OTHER,OTHER,46,
OWYHEE,2008,DEMOCRAT,BARACK OBAMA,944,REPUBLICAN,JOHN MCCAIN,3024,OTHER,OTHER,90,
OWYHEE,2012,DEMOCRAT,BARACK OBAMA,833,REPUBLICAN,MITT ROMNEY,2794,OTHER,OTHER,97,
OWYHEE,2016,DEMOCRAT,HILLARY CLINTON,591,REPUBLICAN,DONALD TRUMP,3052,OTHER,OTHER,282,
OWYHEE,2020,DEMOCRAT,JOSEPH R BIDEN JR,816,LIBERTARIAN,JO JORGENSEN,57,OTHER,OTHER,50,REPUBLICAN,DONALD J TRUMP,3819,
PAYETTE,2000,DEMOCRAT,AL GORE,1643,REPUBLICAN,GEORGE W. BUSH,4961,GREEN,RALPH NADER,80,OTHER,OTHER,174,
PAYETTE,2004,DEMOCRAT,JOHN KERRY,1848,REPUBLICAN,GEORGE W. BUSH,6256,OTHER,OTHER,76,
PAYETTE,2008,DEMOCRAT,BARACK OBAMA,2415,REPUBLICAN,JOHN MCCAIN,5988,OTHER,OTHER,210,
PAYETTE,2012,DEMOCRAT,BARACK OBAMA,2271,REPUBLICAN,MITT ROMNEY,6004,OTHER,OTHER,220,
PAYETTE,2016,DEMOCRAT,HILLARY CLINTON,1507,REPUBLICAN,DONALD TRUMP,6489,OTHER,OTHER,708,
PAYETTE,2020,DEMOCRAT,JOSEPH R BIDEN JR,2161,LIBERTARIAN,JO JORGENSEN,166,OTHER,OTHER,104,REPUBLICAN,DONALD J TRUMP,8862,
POWER,2000,DEMOCRAT,AL GORE,755,REPUBLICAN,GEORGE W. BUSH,1872,GREEN,RALPH NADER,9,OTHER,OTHER,73,
POWER,2004,DEMOCRAT,JOHN KERRY,829,REPUBLICAN,GEORGE W. BUSH,2105,OTHER,OTHER,24,
POWER,2008,DEMOCRAT,BARACK OBAMA,1027,REPUBLICAN,JOHN MCCAIN,1754,OTHER,OTHER,61,
POWER,2012,DEMOCRAT,BARACK OBAMA,982,REPUBLICAN,MITT ROMNEY,1870,OTHER,OTHER,51,
POWER,2016,DEMOCRAT,HILLARY CLINTON,699,REPUBLICAN,DONALD TRUMP,1666,OTHER,OTHER,393,
POWER,2020,DEMOCRAT,JOSEPH R BIDEN JR,865,LIBERTARIAN,JO JORGENSEN,41,OTHER,OTHER,52,REPUBLICAN,DONALD J TRUMP,2116,
SHOSHONE,2000,DEMOCRAT,AL GORE,2225,REPUBLICAN,GEORGE W. BUSH,2879,GREEN,RALPH NADER,92,OTHER,OTHER,189,
SHOSHONE,2004,DEMOCRAT,JOHN KERRY,2331,REPUBLICAN,GEORGE W. BUSH,2922,OTHER,OTHER,84,
SHOSHONE,2008,DEMOCRAT,BARACK OBAMA,2521,REPUBLICAN,JOHN MCCAIN,2953,OTHER,OTHER,192,
SHOSHONE,2012,DEMOCRAT,BARACK OBAMA,2277,REPUBLICAN,MITT ROMNEY,2699,OTHER,OTHER,172,
SHOSHONE,2016,DEMOCRAT,HILLARY CLINTON,1384,REPUBLICAN,DONALD TRUMP,3297,OTHER,OTHER,439,
SHOSHONE,2020,DEMOCRAT,JOSEPH R BIDEN JR,1693,LIBERTARIAN,JO JORGENSEN,71,OTHER,OTHER,69,REPUBLICAN,DONALD J TRUMP,4216,
TETON,2000,DEMOCRAT,AL GORE,720,REPUBLICAN,GEORGE W. BUSH,1745,GREEN,RALPH NADER,151,OTHER,OTHER,55,
TETON,2004,DEMOCRAT,JOHN KERRY,1416,REPUBLICAN,GEORGE W. BUSH,2235,OTHER,OTHER,39,
TETON,2008,DEMOCRAT,BARACK OBAMA,2302,REPUBLICAN,JOHN MCCAIN,2263,OTHER,OTHER,93,
TETON,2012,DEMOCRAT,BARACK OBAMA,1926,REPUBLICAN,MITT ROMNEY,2458,OTHER,OTHER,139,
TETON,2016,DEMOCRAT,HILLARY CLINTON,2159,REPUBLICAN,DONALD TRUMP,2167,OTHER,OTHER,650,
TETON,2020,DEMOCRAT,JOSEPH R BIDEN JR,3318,LIBERTARIAN,JO JORGENSEN,109,OTHER,OTHER,62,REPUBLICAN,DONALD J TRUMP,2858,
TWIN FALLS,2000,DEMOCRAT,AL GORE,5777,REPUBLICAN,GEORGE W. BUSH,15794,GREEN,RALPH NADER,310,OTHER,OTHER,649,
TWIN FALLS,2004,DEMOCRAT,JOHN KERRY,6458,REPUBLICAN,GEORGE W. BUSH,19672,OTHER,OTHER,305,
TWIN FALLS,2008,DEMOCRAT,BARACK OBAMA,8621,REPUBLICAN,JOHN MCCAIN,19032,OTHER,OTHER,691,
TWIN FALLS,2012,DEMOCRAT,BARACK OBAMA,7541,REPUBLICAN,MITT ROMNEY,19773,OTHER,OTHER,828,
TWIN FALLS,2016,DEMOCRAT,HILLARY CLINTON,6233,REPUBLICAN,DONALD TRUMP,19828,OTHER,OTHER,3813,
TWIN FALLS,2020,DEMOCRAT,JOSEPH R BIDEN JR,9391,LIBERTARIAN,JO JORGENSEN,770,OTHER,OTHER,443,REPUBLICAN,DONALD J TRUMP,25897,
VALLEY,2000,DEMOCRAT,AL GORE,1129,REPUBLICAN,GEORGE W. BUSH,2548,GREEN,RALPH NADER,201,OTHER,OTHER,100,
VALLEY,2004,DEMOCRAT,JOHN KERRY,1843,REPUBLICAN,GEORGE W. BUSH,2863,OTHER,OTHER,66,
VALLEY,2008,DEMOCRAT,BARACK OBAMA,2405,REPUBLICAN,JOHN MCCAIN,2772,OTHER,OTHER,119,
VALLEY,2012,DEMOCRAT,BARACK OBAMA,2095,REPUBLICAN,MITT ROMNEY,2664,OTHER,OTHER,160,
VALLEY,2016,DEMOCRAT,HILLARY CLINTON,1913,REPUBLICAN,DONALD TRUMP,2906,OTHER,OTHER,530,
VALLEY,2020,DEMOCRAT,JOSEPH R BIDEN JR,2976,LIBERTARIAN,JO JORGENSEN,73,OTHER,OTHER,67,REPUBLICAN,DONALD J TRUMP,3947,
WASHINGTON,2000,DEMOCRAT,AL GORE,980,REPUBLICAN,GEORGE W. BUSH,2899,GREEN,RALPH NADER,64,OTHER,OTHER,127,
WASHINGTON,2004,DEMOCRAT,JOHN KERRY,1033,REPUBLICAN,GEORGE W. BUSH,3274,OTHER,OTHER,52,
WASHINGTON,2008,DEMOCRAT,BARACK OBAMA,1241,REPUBLICAN,JOHN MCCAIN,3168,OTHER,OTHER,97,
WASHINGTON,2012,DEMOCRAT,BARACK OBAMA,1104,REPUBLICAN,MITT ROMNEY,3128,OTHER,OTHER,98,
WASHINGTON,2016,DEMOCRAT,HILLARY CLINTON,776,REPUBLICAN,DONALD TRUMP,3283,OTHER,OTHER,396,
WASHINGTON,2020,DEMOCRAT,JOSEPH R BIDEN JR,1073,LIBERTARIAN,JO JORGENSEN,57,OTHER,OTHER,60,REPUBLICAN,DONALD J TRUMP,4154,
