ACADIA,2000,DEMOCRAT,AL GORE,8892,REPUBLICAN,GEORGE W. BUSH,13814,GREEN,RALPH NADER,227,OTHER,OTHER,305,
ACADIA,2004,DEMOCRAT,JOHN KERRY,8937,REPUBLICAN,GEORGE W. BUSH,16083,OTHER,OTHER,210,
ACADIA,2008,DEMOCRAT,BARACK OBAMA,7028,REPUBLICAN,JOHN MCCAIN,19228,OTHER,OTHER,454,
ACADIA,2012,DEMOCRAT,BARACK OBAMA,6560,REPUBLICAN,MITT ROMNEY,19931,OTHER,OTHER,344,
ACADIA,2016,DEMOCRAT,HILLARY CLINTON,5638,REPUBLICAN,DONALD TRUMP,21162,OTHER,OTHER,589,
ACADIA,2020,DEMOCRAT,JOSEPH R BIDEN JR,5443,LIBERTARIAN,JO JORGENSEN,241,OTHER,OTHER,145,REPUBLICAN,DONALD J TRUMP,22596,
ALLEN,2000,DEMOCRAT,AL GORE,3914,REPUBLICAN,GEORGE W. BUSH,4035,GREEN,RALPH NADER,115,OTHER,OTHER,228,
ALLEN,2004,DEMOCRAT,JOHN KERRY,3791,REPUBLICAN,GEORGE W. BUSH,5140,OTHER,OTHER,193,
ALLEN,2008,DEMOCRAT,BARACK OBAMA,2891,REPUBLICAN,JOHN MCCAIN,6333,OTHER,OTHER,243,
ALLEN,2012,DEMOCRAT,BARACK OBAMA,2617,REPUBLICAN,MITT ROMNEY,6495,OTHER,OTHER,195,
ALLEN,2016,DEMOCRAT,HILLARY CLINTON,2106,REPUBLICAN,DONALD TRUMP,6867,OTHER,OTHER,272,
ALLEN,2020,DEMOCRAT,JOSEPH R BIDEN JR,2108,LIBERTARIAN,JO JORGENSEN,73,OTHER,OTHER,55,REPUBLICAN,DONALD J TRUMP,7574,
ASCENSION,2000,DEMOCRAT,AL GORE,13385,REPUBLICAN,GEORGE W. BUSH,16818,GREEN,RALPH NADER,340,OTHER,OTHER,301,
ASCENSION,2004,DEMOCRAT,JOHN KERRY,13955,REPUBLICAN,GEORGE W. BUSH,24661,OTHER,OTHER,484,
ASCENSION,2008,DEMOCRAT,BARACK OBAMA,14625,REPUBLICAN,JOHN MCCAIN,31239,OTHER,OTHER,707,
ASCENSION,2012,DEMOCRAT,BARACK OBAMA,16349,REPUBLICAN,MITT ROMNEY,33856,OTHER,OTHER,868,
ASCENSION,2016,DEMOCRAT,HILLARY CLINTON,16476,REPUBLICAN,DONALD TRUMP,36143,OTHER,OTHER,2059,
ASCENSION,2020,DEMOCRAT,JOSEPH R BIDEN JR,20399,LIBERTARIAN,JO JORGENSEN,816,OTHER,OTHER,423,REPUBLICAN,DONALD J TRUMP,40687,
ASSUMPTION,2000,DEMOCRAT,AL GORE,5222,REPUBLICAN,GEORGE W. BUSH,4388,GREEN,RALPH NADER,119,OTHER,OTHER,324,
ASSUMPTION,2004,DEMOCRAT,JOHN KERRY,5585,REPUBLICAN,GEORGE W. BUSH,4966,OTHER,OTHER,184,
ASSUMPTION,2008,DEMOCRAT,BARACK OBAMA,4756,REPUBLICAN,JOHN MCCAIN,5981,OTHER,OTHER,223,
ASSUMPTION,2012,DEMOCRAT,BARACK OBAMA,4754,REPUBLICAN,MITT ROMNEY,6083,OTHER,OTHER,155,
ASSUMPTION,2016,DEMOCRAT,HILLARY CLINTON,3931,REPUBLICAN,DONALD TRUMP,6714,OTHER,OTHER,259,
ASSUMPTION,2020,DEMOCRAT,JOSEPH R BIDEN JR,3833,LIBERTARIAN,JO JORGENSEN,68,OTHER,OTHER,63,REPUBLICAN,DONALD J TRUMP,7271,
AVOYELLES,2000,DEMOCRAT,AL GORE,6701,REPUBLICAN,GEORGE W. BUSH,7329,GREEN,RALPH NADER,170,OTHER,OTHER,453,
AVOYELLES,2004,DEMOCRAT,JOHN KERRY,6976,REPUBLICAN,GEORGE W. BUSH,8302,OTHER,OTHER,247,
AVOYELLES,2008,DEMOCRAT,BARACK OBAMA,6327,REPUBLICAN,JOHN MCCAIN,10236,OTHER,OTHER,375,
AVOYELLES,2012,DEMOCRAT,BARACK OBAMA,6077,REPUBLICAN,MITT ROMNEY,10670,OTHER,OTHER,285,
AVOYELLES,2016,DEMOCRAT,HILLARY CLINTON,5035,REPUBLICAN,DONALD TRUMP,11165,OTHER,OTHER,386,
AVOYELLES,2020,DEMOCRAT,JOSEPH R BIDEN JR,4979,LIBERTARIAN,JO JORGENSEN,161,OTHER,OTHER,124,REPUBLICAN,DONALD J TRUMP,12028,
BEAUREGARD,2000,DEMOCRAT,AL GORE,3958,REPUBLICAN,GEORGE W. BUSH,7862,GREEN,RALPH NADER,155,OTHER,OTHER,230,
BEAUREGARD,2004,DEMOCRAT,JOHN KERRY,3666,REPUBLICAN,GEORGE W. BUSH,9470,OTHER,OTHER,145,
BEAUREGARD,2008,DEMOCRAT,BARACK OBAMA,3071,REPUBLICAN,JOHN MCCAIN,10718,OTHER,OTHER,285,
BEAUREGARD,2012,DEMOCRAT,BARACK OBAMA,2828,REPUBLICAN,MITT ROMNEY,11112,OTHER,OTHER,285,
BEAUREGARD,2016,DEMOCRAT,HILLARY CLINTON,2393,REPUBLICAN,DONALD TRUMP,12238,OTHER,OTHER,447,
BEAUREGARD,2020,DEMOCRAT,JOSEPH R BIDEN JR,2542,LIBERTARIAN,JO JORGENSEN,172,OTHER,OTHER,68,REPUBLICAN,DONALD J TRUMP,13575,
BIENVILLE,2000,DEMOCRAT,AL GORE,3413,REPUBLICAN,GEORGE W. BUSH,3269,GREEN,RALPH NADER,50,OTHER,OTHER,274,
BIENVILLE,2004,DEMOCRAT,JOHN KERRY,3399,REPUBLICAN,GEORGE W. BUSH,3612,OTHER,OTHER,146,
BIENVILLE,2008,DEMOCRAT,BARACK OBAMA,3589,REPUBLICAN,JOHN MCCAIN,3776,OTHER,OTHER,65,
BIENVILLE,2012,DEMOCRAT,BARACK OBAMA,3490,REPUBLICAN,MITT ROMNEY,3641,OTHER,OTHER,72,
BIENVILLE,2016,DEMOCRAT,HILLARY CLINTON,3129,REPUBLICAN,DONALD TRUMP,3756,OTHER,OTHER,120,
BIENVILLE,2020,DEMOCRAT,JOSEPH R BIDEN JR,3067,LIBERTARIAN,JO JORGENSEN,49,OTHER,OTHER,43,REPUBLICAN,DONALD J TRUMP,3891,
BOSSIER,2000,DEMOCRAT,AL GORE,11933,REPUBLICAN,GEORGE W. BUSH,23224,GREEN,RALPH NADER,295,OTHER,OTHER,463,
BOSSIER,2004,DEMOCRAT,JOHN KERRY,12317,REPUBLICAN,GEORGE W. BUSH,30040,OTHER,OTHER,348,
BOSSIER,2008,DEMOCRAT,BARACK OBAMA,12701,REPUBLICAN,JOHN MCCAIN,32706,OTHER,OTHER,419,
BOSSIER,2012,DEMOCRAT,BARACK OBAMA,12956,REPUBLICAN,MITT ROMNEY,34988,OTHER,OTHER,618,
BOSSIER,2016,DEMOCRAT,HILLARY CLINTON,12641,REPUBLICAN,DONALD TRUMP,35474,OTHER,OTHER,1733,
BOSSIER,2020,DEMOCRAT,JOSEPH R BIDEN JR,15662,LIBERTARIAN,JO JORGENSEN,632,OTHER,OTHER,287,REPUBLICAN,DONALD J TRUMP,38074,
CADDO,2000,DEMOCRAT,AL GORE,47530,REPUBLICAN,GEORGE W. BUSH,46807,GREEN,RALPH NADER,734,OTHER,OTHER,568,
CADDO,2004,DEMOCRAT,JOHN KERRY,51739,REPUBLICAN,GEORGE W. BUSH,54292,OTHER,OTHER,564,
CADDO,2008,DEMOCRAT,BARACK OBAMA,55220,REPUBLICAN,JOHN MCCAIN,52105,OTHER,OTHER,895,
CADDO,2012,DEMOCRAT,BARACK OBAMA,58042,REPUBLICAN,MITT ROMNEY,52459,OTHER,OTHER,1264,
CADDO,2016,DEMOCRAT,HILLARY CLINTON,53483,REPUBLICAN,DONALD TRUMP,49006,OTHER,OTHER,3315,
CADDO,2020,DEMOCRAT,JOSEPH R BIDEN JR,55110,LIBERTARIAN,JO JORGENSEN,1021,OTHER,OTHER,760,REPUBLICAN,DONALD J TRUMP,48021,
CALCASIEU,2000,DEMOCRAT,AL GORE,33919,REPUBLICAN,GEORGE W. BUSH,38086,GREEN,RALPH NADER,895,OTHER,OTHER,736,
CALCASIEU,2004,DEMOCRAT,JOHN KERRY,32864,REPUBLICAN,GEORGE W. BUSH,46075,OTHER,OTHER,759,
CALCASIEU,2008,DEMOCRAT,BARACK OBAMA,30244,REPUBLICAN,JOHN MCCAIN,50449,OTHER,OTHER,1438,
CALCASIEU,2012,DEMOCRAT,BARACK OBAMA,28359,REPUBLICAN,MITT ROMNEY,51850,OTHER,OTHER,1517,
CALCASIEU,2016,DEMOCRAT,HILLARY CLINTON,26296,REPUBLICAN,DONALD TRUMP,54191,OTHER,OTHER,3298,
CALCASIEU,2020,DEMOCRAT,JOSEPH R BIDEN JR,25982,LIBERTARIAN,JO JORGENSEN,1083,OTHER,OTHER,532,REPUBLICAN,DONALD J TRUMP,55066,
CALDWELL,2000,DEMOCRAT,AL GORE,1359,REPUBLICAN,GEORGE W. BUSH,2817,GREEN,RALPH NADER,37,OTHER,OTHER,115,
CALDWELL,2004,DEMOCRAT,JOHN KERRY,1384,REPUBLICAN,GEORGE W. BUSH,3308,OTHER,OTHER,60,
CALDWELL,2008,DEMOCRAT,BARACK OBAMA,1118,REPUBLICAN,JOHN MCCAIN,3696,OTHER,OTHER,79,
CALDWELL,2012,DEMOCRAT,BARACK OBAMA,1016,REPUBLICAN,MITT ROMNEY,3640,OTHER,OTHER,60,
CALDWELL,2016,DEMOCRAT,HILLARY CLINTON,788,REPUBLICAN,DONALD TRUMP,3822,OTHER,OTHER,82,
CALDWELL,2020,DEMOCRAT,JOSEPH R BIDEN JR,745,LIBERTARIAN,JO JORGENSEN,21,OTHER,OTHER,20,REPUBLICAN,DONALD J TRUMP,3976,
CAMERON,2000,DEMOCRAT,AL GORE,1435,REPUBLICAN,GEORGE W. BUSH,2593,GREEN,RALPH NADER,46,OTHER,OTHER,109,
CAMERON,2004,DEMOCRAT,JOHN KERRY,1367,REPUBLICAN,GEORGE W. BUSH,3190,OTHER,OTHER,83,
CAMERON,2008,DEMOCRAT,BARACK OBAMA,613,REPUBLICAN,JOHN MCCAIN,3089,OTHER,OTHER,95,
CAMERON,2012,DEMOCRAT,BARACK OBAMA,408,REPUBLICAN,MITT ROMNEY,3260,OTHER,OTHER,76,
CAMERON,2016,DEMOCRAT,HILLARY CLINTON,323,REPUBLICAN,DONALD TRUMP,3256,OTHER,OTHER,113,
CAMERON,2020,DEMOCRAT,JOSEPH R BIDEN JR,324,LIBERTARIAN,JO JORGENSEN,23,OTHER,OTHER,21,REPUBLICAN,DONALD J TRUMP,3671,
CATAHOULA,2000,DEMOCRAT,AL GORE,1718,REPUBLICAN,GEORGE W. BUSH,2912,GREEN,RALPH NADER,28,OTHER,OTHER,107,
CATAHOULA,2004,DEMOCRAT,JOHN KERRY,1673,REPUBLICAN,GEORGE W. BUSH,3219,OTHER,OTHER,62,
CATAHOULA,2008,DEMOCRAT,BARACK OBAMA,1659,REPUBLICAN,JOHN MCCAIN,3486,OTHER,OTHER,80,
CATAHOULA,2012,DEMOCRAT,BARACK OBAMA,1408,REPUBLICAN,MITT ROMNEY,2744,OTHER,OTHER,41,
CATAHOULA,2016,DEMOCRAT,HILLARY CLINTON,1322,REPUBLICAN,DONALD TRUMP,3479,OTHER,OTHER,55,
CATAHOULA,2020,DEMOCRAT,JOSEPH R BIDEN JR,1269,LIBERTARIAN,JO JORGENSEN,26,OTHER,OTHER,22,REPUBLICAN,DONALD J TRUMP,3541,
CLAIBORNE,2000,DEMOCRAT,AL GORE,2721,REPUBLICAN,GEORGE W. BUSH,3384,GREEN,RALPH NADER,35,OTHER,OTHER,141,
CLAIBORNE,2004,DEMOCRAT,JOHN KERRY,2854,REPUBLICAN,GEORGE W. BUSH,3704,OTHER,OTHER,72,
CLAIBORNE,2008,DEMOCRAT,BARACK OBAMA,3025,REPUBLICAN,JOHN MCCAIN,3750,OTHER,OTHER,66,
CLAIBORNE,2012,DEMOCRAT,BARACK OBAMA,3014,REPUBLICAN,MITT ROMNEY,3649,OTHER,OTHER,69,
CLAIBORNE,2016,DEMOCRAT,HILLARY CLINTON,2717,REPUBLICAN,DONALD TRUMP,3585,OTHER,OTHER,119,
CLAIBORNE,2020,DEMOCRAT,JOSEPH R BIDEN JR,2731,LIBERTARIAN,JO JORGENSEN,29,OTHER,OTHER,50,REPUBLICAN,DONALD J TRUMP,3770,
CONCORDIA,2000,DEMOCRAT,AL GORE,3569,REPUBLICAN,GEORGE W. BUSH,4627,GREEN,RALPH NADER,54,OTHER,OTHER,249,
CONCORDIA,2004,DEMOCRAT,JOHN KERRY,3446,REPUBLICAN,GEORGE W. BUSH,5427,OTHER,OTHER,107,
CONCORDIA,2008,DEMOCRAT,BARACK OBAMA,3766,REPUBLICAN,JOHN MCCAIN,5668,OTHER,OTHER,93,
CONCORDIA,2012,DEMOCRAT,BARACK OBAMA,3833,REPUBLICAN,MITT ROMNEY,5450,OTHER,OTHER,97,
CONCORDIA,2016,DEMOCRAT,HILLARY CLINTON,3272,REPUBLICAN,DONALD TRUMP,5477,OTHER,OTHER,123,
CONCORDIA,2020,DEMOCRAT,JOSEPH R BIDEN JR,3177,LIBERTARIAN,JO JORGENSEN,64,OTHER,OTHER,37,REPUBLICAN,DONALD J TRUMP,5550,
DE SOTO,2000,DEMOCRAT,AL GORE,5036,REPUBLICAN,GEORGE W. BUSH,5260,GREEN,RALPH NADER,67,OTHER,OTHER,233,
DE SOTO,2004,DEMOCRAT,JOHN KERRY,5026,REPUBLICAN,GEORGE W. BUSH,6211,OTHER,OTHER,99,
DE SOTO,2008,DEMOCRAT,BARACK OBAMA,5242,REPUBLICAN,JOHN MCCAIN,6883,OTHER,OTHER,132,
DE SOTO,2012,DEMOCRAT,BARACK OBAMA,5553,REPUBLICAN,MITT ROMNEY,7353,OTHER,OTHER,145,
DE SOTO,2016,DEMOCRAT,HILLARY CLINTON,5165,REPUBLICAN,DONALD TRUMP,8068,OTHER,OTHER,267,
DE SOTO,2020,DEMOCRAT,JOSEPH R BIDEN JR,5457,LIBERTARIAN,JO JORGENSEN,79,OTHER,OTHER,88,REPUBLICAN,DONALD J TRUMP,9112,
EAST BATON ROUGE,2000,DEMOCRAT,AL GORE,76516,REPUBLICAN,GEORGE W. BUSH,89128,GREEN,RALPH NADER,2105,OTHER,OTHER,1240,
EAST BATON ROUGE,2004,DEMOCRAT,JOHN KERRY,82298,REPUBLICAN,GEORGE W. BUSH,99943,OTHER,OTHER,1401,
EAST BATON ROUGE,2008,DEMOCRAT,BARACK OBAMA,99652,REPUBLICAN,JOHN MCCAIN,95390,OTHER,OTHER,2307,
EAST BATON ROUGE,2012,DEMOCRAT,BARACK OBAMA,102656,REPUBLICAN,MITT ROMNEY,92292,OTHER,OTHER,3223,
EAST BATON ROUGE,2016,DEMOCRAT,HILLARY CLINTON,102828,REPUBLICAN,DONALD TRUMP,84660,OTHER,OTHER,9003,
EAST BATON ROUGE,2020,DEMOCRAT,JOSEPH R BIDEN JR,115577,LIBERTARIAN,JO JORGENSEN,2440,OTHER,OTHER,1745,REPUBLICAN,DONALD J TRUMP,88420,
EAST CARROLL,2000,DEMOCRAT,AL GORE,1876,REPUBLICAN,GEORGE W. BUSH,1280,GREEN,RALPH NADER,16,OTHER,OTHER,73,
EAST CARROLL,2004,DEMOCRAT,JOHN KERRY,1980,REPUBLICAN,GEORGE W. BUSH,1357,OTHER,OTHER,58,
EAST CARROLL,2008,DEMOCRAT,BARACK OBAMA,2267,REPUBLICAN,JOHN MCCAIN,1254,OTHER,OTHER,38,
EAST CARROLL,2012,DEMOCRAT,BARACK OBAMA,2478,REPUBLICAN,MITT ROMNEY,1508,OTHER,OTHER,22,
EAST CARROLL,2016,DEMOCRAT,HILLARY CLINTON,1838,REPUBLICAN,DONALD TRUMP,1059,OTHER,OTHER,42,
EAST CARROLL,2020,DEMOCRAT,JOSEPH R BIDEN JR,1900,LIBERTARIAN,JO JORGENSEN,20,OTHER,OTHER,36,REPUBLICAN,DONALD J TRUMP,1080,
EAST FELICIANA,2000,DEMOCRAT,AL GORE,3870,REPUBLICAN,GEORGE W. BUSH,4051,GREEN,RALPH NADER,60,OTHER,OTHER,118,
EAST FELICIANA,2004,DEMOCRAT,JOHN KERRY,4091,REPUBLICAN,GEORGE W. BUSH,5021,OTHER,OTHER,89,
EAST FELICIANA,2008,DEMOCRAT,BARACK OBAMA,4383,REPUBLICAN,JOHN MCCAIN,5432,OTHER,OTHER,132,
EAST FELICIANA,2012,DEMOCRAT,BARACK OBAMA,4648,REPUBLICAN,MITT ROMNEY,5397,OTHER,OTHER,164,
EAST FELICIANA,2016,DEMOCRAT,HILLARY CLINTON,4235,REPUBLICAN,DONALD TRUMP,5569,OTHER,OTHER,238,
EAST FELICIANA,2020,DEMOCRAT,JOSEPH R BIDEN JR,4280,LIBERTARIAN,JO JORGENSEN,89,OTHER,OTHER,76,REPUBLICAN,DONALD J TRUMP,6064,
EVANGELINE,2000,DEMOCRAT,AL GORE,5763,REPUBLICAN,GEORGE W. BUSH,7290,GREEN,RALPH NADER,140,OTHER,OTHER,419,
EVANGELINE,2004,DEMOCRAT,JOHN KERRY,5757,REPUBLICAN,GEORGE W. BUSH,7949,OTHER,OTHER,273,
EVANGELINE,2008,DEMOCRAT,BARACK OBAMA,5853,REPUBLICAN,JOHN MCCAIN,9793,OTHER,OTHER,330,
EVANGELINE,2012,DEMOCRAT,BARACK OBAMA,5330,REPUBLICAN,MITT ROMNEY,10181,OTHER,OTHER,259,
EVANGELINE,2016,DEMOCRAT,HILLARY CLINTON,4208,REPUBLICAN,DONALD TRUMP,10360,OTHER,OTHER,314,
EVANGELINE,2020,DEMOCRAT,JOSEPH R BIDEN JR,4158,LIBERTARIAN,JO JORGENSEN,96,OTHER,OTHER,105,REPUBLICAN,DONALD J TRUMP,11053,
FRANKLIN,2000,DEMOCRAT,AL GORE,2792,REPUBLICAN,GEORGE W. BUSH,5363,GREEN,RALPH NADER,51,OTHER,OTHER,150,
FRANKLIN,2004,DEMOCRAT,JOHN KERRY,2828,REPUBLICAN,GEORGE W. BUSH,6141,OTHER,OTHER,134,
FRANKLIN,2008,DEMOCRAT,BARACK OBAMA,2959,REPUBLICAN,JOHN MCCAIN,6278,OTHER,OTHER,119,
FRANKLIN,2012,DEMOCRAT,BARACK OBAMA,2921,REPUBLICAN,MITT ROMNEY,6294,OTHER,OTHER,121,
FRANKLIN,2016,DEMOCRAT,HILLARY CLINTON,2506,REPUBLICAN,DONALD TRUMP,6514,OTHER,OTHER,142,
FRANKLIN,2020,DEMOCRAT,JOSEPH R BIDEN JR,2658,LIBERTARIAN,JO JORGENSEN,45,OTHER,OTHER,47,REPUBLICAN,DONALD J TRUMP,6970,
GRANT,2000,DEMOCRAT,AL GORE,2099,REPUBLICAN,GEORGE W. BUSH,4784,GREEN,RALPH NADER,57,OTHER,OTHER,115,
GRANT,2004,DEMOCRAT,JOHN KERRY,1977,REPUBLICAN,GEORGE W. BUSH,5911,OTHER,OTHER,103,
GRANT,2008,DEMOCRAT,BARACK OBAMA,1474,REPUBLICAN,JOHN MCCAIN,6906,OTHER,OTHER,177,
GRANT,2012,DEMOCRAT,BARACK OBAMA,1422,REPUBLICAN,MITT ROMNEY,7082,OTHER,OTHER,163,
GRANT,2016,DEMOCRAT,HILLARY CLINTON,1181,REPUBLICAN,DONALD TRUMP,7408,OTHER,OTHER,232,
GRANT,2020,DEMOCRAT,JOSEPH R BIDEN JR,1157,LIBERTARIAN,JO JORGENSEN,79,OTHER,OTHER,39,REPUBLICAN,DONALD J TRUMP,8117,
IBERIA,2000,DEMOCRAT,AL GORE,11762,REPUBLICAN,GEORGE W. BUSH,17236,GREEN,RALPH NADER,365,OTHER,OTHER,657,
IBERIA,2004,DEMOCRAT,JOHN KERRY,12426,REPUBLICAN,GEORGE W. BUSH,19420,OTHER,OTHER,427,
IBERIA,2008,DEMOCRAT,BARACK OBAMA,12492,REPUBLICAN,JOHN MCCAIN,20127,OTHER,OTHER,549,
IBERIA,2012,DEMOCRAT,BARACK OBAMA,12132,REPUBLICAN,MITT ROMNEY,20892,OTHER,OTHER,373,
IBERIA,2016,DEMOCRAT,HILLARY CLINTON,10698,REPUBLICAN,DONALD TRUMP,20903,OTHER,OTHER,853,
IBERIA,2020,DEMOCRAT,JOSEPH R BIDEN JR,11027,LIBERTARIAN,JO JORGENSEN,253,OTHER,OTHER,182,REPUBLICAN,DONALD J TRUMP,21251,
IBERVILLE,2000,DEMOCRAT,AL GORE,8355,REPUBLICAN,GEORGE W. BUSH,5573,GREEN,RALPH NADER,175,OTHER,OTHER,400,
IBERVILLE,2004,DEMOCRAT,JOHN KERRY,8259,REPUBLICAN,GEORGE W. BUSH,6333,OTHER,OTHER,235,
IBERVILLE,2008,DEMOCRAT,BARACK OBAMA,9023,REPUBLICAN,JOHN MCCAIN,7185,OTHER,OTHER,213,
IBERVILLE,2012,DEMOCRAT,BARACK OBAMA,9548,REPUBLICAN,MITT ROMNEY,7271,OTHER,OTHER,195,
IBERVILLE,2016,DEMOCRAT,HILLARY CLINTON,8324,REPUBLICAN,DONALD TRUMP,7320,OTHER,OTHER,399,
IBERVILLE,2020,DEMOCRAT,JOSEPH R BIDEN JR,8514,LIBERTARIAN,JO JORGENSEN,141,OTHER,OTHER,171,REPUBLICAN,DONALD J TRUMP,7893,
JACKSON,2000,DEMOCRAT,AL GORE,2582,REPUBLICAN,GEORGE W. BUSH,4347,GREEN,RALPH NADER,53,OTHER,OTHER,124,
JACKSON,2004,DEMOCRAT,JOHN KERRY,2525,REPUBLICAN,GEORGE W. BUSH,5038,OTHER,OTHER,84,
JACKSON,2008,DEMOCRAT,BARACK OBAMA,2456,REPUBLICAN,JOHN MCCAIN,5190,OTHER,OTHER,90,
JACKSON,2012,DEMOCRAT,BARACK OBAMA,2305,REPUBLICAN,MITT ROMNEY,5132,OTHER,OTHER,92,
JACKSON,2016,DEMOCRAT,HILLARY CLINTON,2139,REPUBLICAN,DONALD TRUMP,5169,OTHER,OTHER,156,
JACKSON,2020,DEMOCRAT,JOSEPH R BIDEN JR,2143,LIBERTARIAN,JO JORGENSEN,51,OTHER,OTHER,44,REPUBLICAN,DONALD J TRUMP,5394,
JEFFERSON,2000,DEMOCRAT,AL GORE,70411,REPUBLICAN,GEORGE W. BUSH,105003,GREEN,RALPH NADER,2293,OTHER,OTHER,1444,
JEFFERSON,2004,DEMOCRAT,JOHN KERRY,72136,REPUBLICAN,GEORGE W. BUSH,117882,OTHER,OTHER,1645,
JEFFERSON,2008,DEMOCRAT,BARACK OBAMA,65096,REPUBLICAN,JOHN MCCAIN,113191,OTHER,OTHER,2833,
JEFFERSON,2012,DEMOCRAT,BARACK OBAMA,70384,REPUBLICAN,MITT ROMNEY,102536,OTHER,OTHER,3423,
JEFFERSON,2016,DEMOCRAT,HILLARY CLINTON,73670,REPUBLICAN,DONALD TRUMP,100398,OTHER,OTHER,7571,
JEFFERSON,2020,DEMOCRAT,JOSEPH R BIDEN JR,84477,LIBERTARIAN,JO JORGENSEN,1935,OTHER,OTHER,1372,REPUBLICAN,DONALD J TRUMP,105949,
JEFFERSON DAVIS,2000,DEMOCRAT,AL GORE,5162,REPUBLICAN,GEORGE W. BUSH,6945,GREEN,RALPH NADER,143,OTHER,OTHER,296,
JEFFERSON DAVIS,2004,DEMOCRAT,JOHN KERRY,4745,REPUBLICAN,GEORGE W. BUSH,8055,OTHER,OTHER,207,
JEFFERSON DAVIS,2008,DEMOCRAT,BARACK OBAMA,3923,REPUBLICAN,JOHN MCCAIN,9278,OTHER,OTHER,300,
JEFFERSON DAVIS,2012,DEMOCRAT,BARACK OBAMA,3484,REPUBLICAN,MITT ROMNEY,10014,OTHER,OTHER,236,
JEFFERSON DAVIS,2016,DEMOCRAT,HILLARY CLINTON,3080,REPUBLICAN,DONALD TRUMP,10775,OTHER,OTHER,422,
JEFFERSON DAVIS,2020,DEMOCRAT,JOSEPH R BIDEN JR,3208,LIBERTARIAN,JO JORGENSEN,131,OTHER,OTHER,79,REPUBLICAN,DONALD J TRUMP,11423,
LAFAYETTE,2000,DEMOCRAT,AL GORE,27190,REPUBLICAN,GEORGE W. BUSH,48491,GREEN,RALPH NADER,1510,OTHER,OTHER,1102,
LAFAYETTE,2004,DEMOCRAT,JOHN KERRY,31210,REPUBLICAN,GEORGE W. BUSH,57732,OTHER,OTHER,981,
LAFAYETTE,2008,DEMOCRAT,BARACK OBAMA,32145,REPUBLICAN,JOHN MCCAIN,62055,OTHER,OTHER,1442,
LAFAYETTE,2012,DEMOCRAT,BARACK OBAMA,31768,REPUBLICAN,MITT ROMNEY,64992,OTHER,OTHER,1882,
LAFAYETTE,2016,DEMOCRAT,HILLARY CLINTON,32726,REPUBLICAN,DONALD TRUMP,68195,OTHER,OTHER,4682,
LAFAYETTE,2020,DEMOCRAT,JOSEPH R BIDEN JR,39685,LIBERTARIAN,JO JORGENSEN,1512,OTHER,OTHER,805,REPUBLICAN,DONALD J TRUMP,72519,
LAFOURCHE,2000,DEMOCRAT,AL GORE,14627,REPUBLICAN,GEORGE W. BUSH,18575,GREEN,RALPH NADER,424,OTHER,OTHER,823,
LAFOURCHE,2004,DEMOCRAT,JOHN KERRY,14417,REPUBLICAN,GEORGE W. BUSH,22734,OTHER,OTHER,713,
LAFOURCHE,2008,DEMOCRAT,BARACK OBAMA,9662,REPUBLICAN,JOHN MCCAIN,27089,OTHER,OTHER,1142,
LAFOURCHE,2012,DEMOCRAT,BARACK OBAMA,9623,REPUBLICAN,MITT ROMNEY,28592,OTHER,OTHER,860,
LAFOURCHE,2016,DEMOCRAT,HILLARY CLINTON,8423,REPUBLICAN,DONALD TRUMP,31959,OTHER,OTHER,1263,
LAFOURCHE,2020,DEMOCRAT,JOSEPH R BIDEN JR,8672,LIBERTARIAN,JO JORGENSEN,424,OTHER,OTHER,268,REPUBLICAN,DONALD J TRUMP,36024,
LA SALLE,2000,DEMOCRAT,AL GORE,1397,REPUBLICAN,GEORGE W. BUSH,4564,GREEN,RALPH NADER,57,OTHER,OTHER,90,
LA SALLE,2004,DEMOCRAT,JOHN KERRY,1155,REPUBLICAN,GEORGE W. BUSH,5015,OTHER,OTHER,68,
LA SALLE,2008,DEMOCRAT,BARACK OBAMA,860,REPUBLICAN,JOHN MCCAIN,5602,OTHER,OTHER,91,
LA SALLE,2012,DEMOCRAT,BARACK OBAMA,764,REPUBLICAN,MITT ROMNEY,5726,OTHER,OTHER,82,
LA SALLE,2016,DEMOCRAT,HILLARY CLINTON,605,REPUBLICAN,DONALD TRUMP,5836,OTHER,OTHER,128,
LA SALLE,2020,DEMOCRAT,JOSEPH R BIDEN JR,638,LIBERTARIAN,JO JORGENSEN,39,OTHER,OTHER,22,REPUBLICAN,DONALD J TRUMP,6378,
LINCOLN,2000,DEMOCRAT,AL GORE,6851,REPUBLICAN,GEORGE W. BUSH,9246,GREEN,RALPH NADER,124,OTHER,OTHER,330,
LINCOLN,2004,DEMOCRAT,JOHN KERRY,7242,REPUBLICAN,GEORGE W. BUSH,10791,OTHER,OTHER,185,
LINCOLN,2008,DEMOCRAT,BARACK OBAMA,8267,REPUBLICAN,JOHN MCCAIN,10676,OTHER,OTHER,207,
LINCOLN,2012,DEMOCRAT,BARACK OBAMA,7956,REPUBLICAN,MITT ROMNEY,10739,OTHER,OTHER,298,
LINCOLN,2016,DEMOCRAT,HILLARY CLINTON,7107,REPUBLICAN,DONALD TRUMP,10761,OTHER,OTHER,801,
LINCOLN,2020,DEMOCRAT,JOSEPH R BIDEN JR,7559,LIBERTARIAN,JO JORGENSEN,276,OTHER,OTHER,129,REPUBLICAN,DONALD J TRUMP,11311,
LIVINGSTON,2000,DEMOCRAT,AL GORE,11008,REPUBLICAN,GEORGE W. BUSH,24889,GREEN,RALPH NADER,384,OTHER,OTHER,584,
LIVINGSTON,2004,DEMOCRAT,JOHN KERRY,9895,REPUBLICAN,GEORGE W. BUSH,33976,OTHER,OTHER,382,
LIVINGSTON,2008,DEMOCRAT,BARACK OBAMA,6681,REPUBLICAN,JOHN MCCAIN,43269,OTHER,OTHER,942,
LIVINGSTON,2012,DEMOCRAT,BARACK OBAMA,7451,REPUBLICAN,MITT ROMNEY,45513,OTHER,OTHER,1098,
LIVINGSTON,2016,DEMOCRAT,HILLARY CLINTON,6950,REPUBLICAN,DONALD TRUMP,48824,OTHER,OTHER,1956,
LIVINGSTON,2020,DEMOCRAT,JOSEPH R BIDEN JR,9249,LIBERTARIAN,JO JORGENSEN,817,OTHER,OTHER,287,REPUBLICAN,DONALD J TRUMP,54877,
MADISON,2000,DEMOCRAT,AL GORE,2489,REPUBLICAN,GEORGE W. BUSH,2127,GREEN,RALPH NADER,37,OTHER,OTHER,90,
MADISON,2004,DEMOCRAT,JOHN KERRY,2334,REPUBLICAN,GEORGE W. BUSH,2291,OTHER,OTHER,48,
MADISON,2008,DEMOCRAT,BARACK OBAMA,3100,REPUBLICAN,JOHN MCCAIN,2152,OTHER,OTHER,48,
MADISON,2012,DEMOCRAT,BARACK OBAMA,3154,REPUBLICAN,MITT ROMNEY,2000,OTHER,OTHER,33,
MADISON,2016,DEMOCRAT,HILLARY CLINTON,2744,REPUBLICAN,DONALD TRUMP,1927,OTHER,OTHER,61,
MADISON,2020,DEMOCRAT,JOSEPH R BIDEN JR,2654,LIBERTARIAN,JO JORGENSEN,23,OTHER,OTHER,63,REPUBLICAN,DONALD J TRUMP,1930,
MOREHOUSE,2000,DEMOCRAT,AL GORE,5289,REPUBLICAN,GEORGE W. BUSH,6641,GREEN,RALPH NADER,103,OTHER,OTHER,288,
MOREHOUSE,2004,DEMOCRAT,JOHN KERRY,5336,REPUBLICAN,GEORGE W. BUSH,7471,OTHER,OTHER,164,
MOREHOUSE,2008,DEMOCRAT,BARACK OBAMA,5792,REPUBLICAN,JOHN MCCAIN,7258,OTHER,OTHER,150,
MOREHOUSE,2012,DEMOCRAT,BARACK OBAMA,5888,REPUBLICAN,MITT ROMNEY,6591,OTHER,OTHER,135,
MOREHOUSE,2016,DEMOCRAT,HILLARY CLINTON,5155,REPUBLICAN,DONALD TRUMP,6502,OTHER,OTHER,195,
MOREHOUSE,2020,DEMOCRAT,JOSEPH R BIDEN JR,4946,LIBERTARIAN,JO JORGENSEN,56,OTHER,OTHER,62,REPUBLICAN,DONALD J TRUMP,6510,
NATCHITOCHES,2000,DEMOCRAT,AL GORE,6924,REPUBLICAN,GEORGE W. BUSH,7332,GREEN,RALPH NADER,109,OTHER,OTHER,492,
NATCHITOCHES,2004,DEMOCRAT,JOHN KERRY,7398,REPUBLICAN,GEORGE W. BUSH,9261,OTHER,OTHER,307,
NATCHITOCHES,2008,DEMOCRAT,BARACK OBAMA,7801,REPUBLICAN,JOHN MCCAIN,9054,OTHER,OTHER,212,
NATCHITOCHES,2012,DEMOCRAT,BARACK OBAMA,7942,REPUBLICAN,MITT ROMNEY,9077,OTHER,OTHER,239,
NATCHITOCHES,2016,DEMOCRAT,HILLARY CLINTON,7144,REPUBLICAN,DONALD TRUMP,8968,OTHER,OTHER,509,
NATCHITOCHES,2020,DEMOCRAT,JOSEPH R BIDEN JR,6896,LIBERTARIAN,JO JORGENSEN,172,OTHER,OTHER,128,REPUBLICAN,DONALD J TRUMP,9358,
ORLEANS,2000,DEMOCRAT,AL GORE,137630,REPUBLICAN,GEORGE W. BUSH,39404,GREEN,RALPH NADER,3025,OTHER,OTHER,1162,
ORLEANS,2004,DEMOCRAT,JOHN KERRY,152610,REPUBLICAN,GEORGE W. BUSH,42847,OTHER,OTHER,1646,
ORLEANS,2008,DEMOCRAT,BARACK OBAMA,116042,REPUBLICAN,JOHN MCCAIN,28041,OTHER,OTHER,2204,
ORLEANS,2012,DEMOCRAT,BARACK OBAMA,126722,REPUBLICAN,MITT ROMNEY,28003,OTHER,OTHER,3088,
ORLEANS,2016,DEMOCRAT,HILLARY CLINTON,133996,REPUBLICAN,DONALD TRUMP,24292,OTHER,OTHER,7524,
ORLEANS,2020,DEMOCRAT,JOSEPH R BIDEN JR,147854,LIBERTARIAN,JO JORGENSEN,1603,OTHER,OTHER,1698,REPUBLICAN,DONALD J TRUMP,26664,
OUACHITA,2000,DEMOCRAT,AL GORE,21457,REPUBLICAN,GEORGE W. BUSH,35107,GREEN,RALPH NADER,529,OTHER,OTHER,1118,
OUACHITA,2004,DEMOCRAT,JOHN KERRY,22016,REPUBLICAN,GEORGE W. BUSH,41750,OTHER,OTHER,678,
OUACHITA,2008,DEMOCRAT,BARACK OBAMA,24813,REPUBLICAN,JOHN MCCAIN,41741,OTHER,OTHER,690,
OUACHITA,2012,DEMOCRAT,BARACK OBAMA,26645,REPUBLICAN,MITT ROMNEY,40948,OTHER,OTHER,881,
OUACHITA,2016,DEMOCRAT,HILLARY CLINTON,24428,REPUBLICAN,DONALD TRUMP,41734,OTHER,OTHER,1855,
OUACHITA,2020,DEMOCRAT,JOSEPH R BIDEN JR,25913,LIBERTARIAN,JO JORGENSEN,624,OTHER,OTHER,374,REPUBLICAN,DONALD J TRUMP,42255,
PLAQUEMINES,2000,DEMOCRAT,AL GORE,4425,REPUBLICAN,GEORGE W. BUSH,6302,GREEN,RALPH NADER,104,OTHER,OTHER,100,
PLAQUEMINES,2004,DEMOCRAT,JOHN KERRY,4181,REPUBLICAN,GEORGE W. BUSH,7866,OTHER,OTHER,106,
PLAQUEMINES,2008,DEMOCRAT,BARACK OBAMA,3380,REPUBLICAN,JOHN MCCAIN,6894,OTHER,OTHER,175,
PLAQUEMINES,2012,DEMOCRAT,BARACK OBAMA,3599,REPUBLICAN,MITT ROMNEY,6471,OTHER,OTHER,169,
PLAQUEMINES,2016,DEMOCRAT,HILLARY CLINTON,3347,REPUBLICAN,DONALD TRUMP,6900,OTHER,OTHER,326,
PLAQUEMINES,2020,DEMOCRAT,JOSEPH R BIDEN JR,3414,LIBERTARIAN,JO JORGENSEN,103,OTHER,OTHER,85,REPUBLICAN,DONALD J TRUMP,7412,
POINTE COUPEE,2000,DEMOCRAT,AL GORE,5813,REPUBLICAN,GEORGE W. BUSH,4710,GREEN,RALPH NADER,108,OTHER,OTHER,201,
POINTE COUPEE,2004,DEMOCRAT,JOHN KERRY,5712,REPUBLICAN,GEORGE W. BUSH,5429,OTHER,OTHER,130,
POINTE COUPEE,2008,DEMOCRAT,BARACK OBAMA,5516,REPUBLICAN,JOHN MCCAIN,6702,OTHER,OTHER,217,
POINTE COUPEE,2012,DEMOCRAT,BARACK OBAMA,5436,REPUBLICAN,MITT ROMNEY,6548,OTHER,OTHER,163,
POINTE COUPEE,2016,DEMOCRAT,HILLARY CLINTON,4764,REPUBLICAN,DONALD TRUMP,6789,OTHER,OTHER,208,
POINTE COUPEE,2020,DEMOCRAT,JOSEPH R BIDEN JR,4683,LIBERTARIAN,JO JORGENSEN,94,OTHER,OTHER,91,REPUBLICAN,DONALD J TRUMP,7503,
RAPIDES,2000,DEMOCRAT,AL GORE,18898,REPUBLICAN,GEORGE W. BUSH,28831,GREEN,RALPH NADER,446,OTHER,OTHER,849,
RAPIDES,2004,DEMOCRAT,JOHN KERRY,18904,REPUBLICAN,GEORGE W. BUSH,34492,OTHER,OTHER,673,
RAPIDES,2008,DEMOCRAT,BARACK OBAMA,20127,REPUBLICAN,JOHN MCCAIN,36611,OTHER,OTHER,783,
RAPIDES,2012,DEMOCRAT,BARACK OBAMA,20045,REPUBLICAN,MITT ROMNEY,37193,OTHER,OTHER,781,
RAPIDES,2016,DEMOCRAT,HILLARY CLINTON,18322,REPUBLICAN,DONALD TRUMP,36816,OTHER,OTHER,1706,
RAPIDES,2020,DEMOCRAT,JOSEPH R BIDEN JR,19475,LIBERTARIAN,JO JORGENSEN,693,OTHER,OTHER,350,REPUBLICAN,DONALD J TRUMP,38347,
RED RIVER,2000,DEMOCRAT,AL GORE,2177,REPUBLICAN,GEORGE W. BUSH,2200,GREEN,RALPH NADER,35,OTHER,OTHER,110,
RED RIVER,2004,DEMOCRAT,JOHN KERRY,2140,REPUBLICAN,GEORGE W. BUSH,2507,OTHER,OTHER,70,
RED RIVER,2008,DEMOCRAT,BARACK OBAMA,2080,REPUBLICAN,JOHN MCCAIN,2484,OTHER,OTHER,65,
RED RIVER,2012,DEMOCRAT,BARACK OBAMA,2253,REPUBLICAN,MITT ROMNEY,2483,OTHER,OTHER,71,
RED RIVER,2016,DEMOCRAT,HILLARY CLINTON,1938,REPUBLICAN,DONALD TRUMP,2391,OTHER,OTHER,93,
RED RIVER,2020,DEMOCRAT,JOSEPH R BIDEN JR,1644,LIBERTARIAN,JO JORGENSEN,31,OTHER,OTHER,44,REPUBLICAN,DONALD J TRUMP,2413,
RICHLAND,2000,DEMOCRAT,AL GORE,3282,REPUBLICAN,GEORGE W. BUSH,4895,GREEN,RALPH NADER,51,OTHER,OTHER,257,
RICHLAND,2004,DEMOCRAT,JOHN KERRY,3082,REPUBLICAN,GEORGE W. BUSH,5471,OTHER,OTHER,112,
RICHLAND,2008,DEMOCRAT,BARACK OBAMA,3311,REPUBLICAN,JOHN MCCAIN,5751,OTHER,OTHER,119,
RICHLAND,2012,DEMOCRAT,BARACK OBAMA,3387,REPUBLICAN,MITT ROMNEY,5846,OTHER,OTHER,96,
RICHLAND,2016,DEMOCRAT,HILLARY CLINTON,3157,REPUBLICAN,DONALD TRUMP,6287,OTHER,OTHER,153,
RICHLAND,2020,DEMOCRAT,JOSEPH R BIDEN JR,3225,LIBERTARIAN,JO JORGENSEN,53,OTHER,OTHER,55,REPUBLICAN,DONALD J TRUMP,6607,
SABINE,2000,DEMOCRAT,AL GORE,2846,REPUBLICAN,GEORGE W. BUSH,5754,GREEN,RALPH NADER,81,OTHER,OTHER,181,
SABINE,2004,DEMOCRAT,JOHN KERRY,2743,REPUBLICAN,GEORGE W. BUSH,6711,OTHER,OTHER,122,
SABINE,2008,DEMOCRAT,BARACK OBAMA,2245,REPUBLICAN,JOHN MCCAIN,7226,OTHER,OTHER,181,
SABINE,2012,DEMOCRAT,BARACK OBAMA,2194,REPUBLICAN,MITT ROMNEY,7738,OTHER,OTHER,121,
SABINE,2016,DEMOCRAT,HILLARY CLINTON,1703,REPUBLICAN,DONALD TRUMP,7879,OTHER,OTHER,205,
SABINE,2020,DEMOCRAT,JOSEPH R BIDEN JR,1731,LIBERTARIAN,JO JORGENSEN,49,OTHER,OTHER,40,REPUBLICAN,DONALD J TRUMP,8776,
ST. BERNARD,2000,DEMOCRAT,AL GORE,11682,REPUBLICAN,GEORGE W. BUSH,16255,GREEN,RALPH NADER,397,OTHER,OTHER,287,
ST. BERNARD,2004,DEMOCRAT,JOHN KERRY,9956,REPUBLICAN,GEORGE W. BUSH,19597,OTHER,OTHER,285,
ST. BERNARD,2008,DEMOCRAT,BARACK OBAMA,3491,REPUBLICAN,JOHN MCCAIN,9642,OTHER,OTHER,407,
ST. BERNARD,2012,DEMOCRAT,BARACK OBAMA,5059,REPUBLICAN,MITT ROMNEY,8501,OTHER,OTHER,395,
ST. BERNARD,2016,DEMOCRAT,HILLARY CLINTON,4960,REPUBLICAN,DONALD TRUMP,10237,OTHER,OTHER,618,
ST. BERNARD,2020,DEMOCRAT,JOSEPH R BIDEN JR,6151,LIBERTARIAN,JO JORGENSEN,188,OTHER,OTHER,132,REPUBLICAN,DONALD J TRUMP,11179,
ST. CHARLES,2000,DEMOCRAT,AL GORE,8918,REPUBLICAN,GEORGE W. BUSH,11981,GREEN,RALPH NADER,215,OTHER,OTHER,396,
ST. CHARLES,2004,DEMOCRAT,JOHN KERRY,8856,REPUBLICAN,GEORGE W. BUSH,14747,OTHER,OTHER,234,
ST. CHARLES,2008,DEMOCRAT,BARACK OBAMA,8522,REPUBLICAN,JOHN MCCAIN,16457,OTHER,OTHER,418,
ST. CHARLES,2012,DEMOCRAT,BARACK OBAMA,8896,REPUBLICAN,MITT ROMNEY,15937,OTHER,OTHER,500,
ST. CHARLES,2016,DEMOCRAT,HILLARY CLINTON,8559,REPUBLICAN,DONALD TRUMP,16621,OTHER,OTHER,1012,
ST. CHARLES,2020,DEMOCRAT,JOSEPH R BIDEN JR,9800,LIBERTARIAN,JO JORGENSEN,294,OTHER,OTHER,190,REPUBLICAN,DONALD J TRUMP,18233,
ST. HELENA,2000,DEMOCRAT,AL GORE,3059,REPUBLICAN,GEORGE W. BUSH,1965,GREEN,RALPH NADER,65,OTHER,OTHER,165,
ST. HELENA,2004,DEMOCRAT,JOHN KERRY,3173,REPUBLICAN,GEORGE W. BUSH,2235,OTHER,OTHER,100,
ST. HELENA,2008,DEMOCRAT,BARACK OBAMA,3567,REPUBLICAN,JOHN MCCAIN,2522,OTHER,OTHER,95,
ST. HELENA,2012,DEMOCRAT,BARACK OBAMA,3780,REPUBLICAN,MITT ROMNEY,2529,OTHER,OTHER,85,
ST. HELENA,2016,DEMOCRAT,HILLARY CLINTON,3353,REPUBLICAN,DONALD TRUMP,2497,OTHER,OTHER,114,
ST. HELENA,2020,DEMOCRAT,JOSEPH R BIDEN JR,3346,LIBERTARIAN,JO JORGENSEN,43,OTHER,OTHER,55,REPUBLICAN,DONALD J TRUMP,2714,
ST. JAMES,2000,DEMOCRAT,AL GORE,6523,REPUBLICAN,GEORGE W. BUSH,3813,GREEN,RALPH NADER,61,OTHER,OTHER,308,
ST. JAMES,2004,DEMOCRAT,JOHN KERRY,6407,REPUBLICAN,GEORGE W. BUSH,4545,OTHER,OTHER,156,
ST. JAMES,2008,DEMOCRAT,BARACK OBAMA,6994,REPUBLICAN,JOHN MCCAIN,5432,OTHER,OTHER,138,
ST. JAMES,2012,DEMOCRAT,BARACK OBAMA,7059,REPUBLICAN,MITT ROMNEY,5209,OTHER,OTHER,127,
ST. JAMES,2016,DEMOCRAT,HILLARY CLINTON,6418,REPUBLICAN,DONALD TRUMP,5456,OTHER,OTHER,211,
ST. JAMES,2020,DEMOCRAT,JOSEPH R BIDEN JR,6510,LIBERTARIAN,JO JORGENSEN,47,OTHER,OTHER,79,REPUBLICAN,DONALD J TRUMP,5954,
ST. JOHN THE BAPTIST,2000,DEMOCRAT,AL GORE,9745,REPUBLICAN,GEORGE W. BUSH,7423,GREEN,RALPH NADER,164,OTHER,OTHER,381,
ST. JOHN THE BAPTIST,2004,DEMOCRAT,JOHN KERRY,10305,REPUBLICAN,GEORGE W. BUSH,9039,OTHER,OTHER,273,
ST. JOHN THE BAPTIST,2008,DEMOCRAT,BARACK OBAMA,12424,REPUBLICAN,JOHN MCCAIN,8912,OTHER,OTHER,320,
ST. JOHN THE BAPTIST,2012,DEMOCRAT,BARACK OBAMA,13179,REPUBLICAN,MITT ROMNEY,7620,OTHER,OTHER,324,
ST. JOHN THE BAPTIST,2016,DEMOCRAT,HILLARY CLINTON,12661,REPUBLICAN,DONALD TRUMP,7569,OTHER,OTHER,513,
ST. JOHN THE BAPTIST,2020,DEMOCRAT,JOSEPH R BIDEN JR,13582,LIBERTARIAN,JO JORGENSEN,118,OTHER,OTHER,194,REPUBLICAN,DONALD J TRUMP,7538,
ST. LANDRY,2000,DEMOCRAT,AL GORE,18067,REPUBLICAN,GEORGE W. BUSH,15449,GREEN,RALPH NADER,225,OTHER,OTHER,410,
ST. LANDRY,2004,DEMOCRAT,JOHN KERRY,18166,REPUBLICAN,GEORGE W. BUSH,18315,OTHER,OTHER,279,
ST. LANDRY,2008,DEMOCRAT,BARACK OBAMA,20268,REPUBLICAN,JOHN MCCAIN,21650,OTHER,OTHER,575,
ST. LANDRY,2012,DEMOCRAT,BARACK OBAMA,19668,REPUBLICAN,MITT ROMNEY,21475,OTHER,OTHER,504,
ST. LANDRY,2016,DEMOCRAT,HILLARY CLINTON,17209,REPUBLICAN,DONALD TRUMP,21971,OTHER,OTHER,797,
ST. LANDRY,2020,DEMOCRAT,JOSEPH R BIDEN JR,17372,LIBERTARIAN,JO JORGENSEN,301,OTHER,OTHER,310,REPUBLICAN,DONALD J TRUMP,23171,
ST. MARTIN,2000,DEMOCRAT,AL GORE,9853,REPUBLICAN,GEORGE W. BUSH,9961,GREEN,RALPH NADER,268,OTHER,OTHER,696,
ST. MARTIN,2004,DEMOCRAT,JOHN KERRY,10321,REPUBLICAN,GEORGE W. BUSH,12095,OTHER,OTHER,408,
ST. MARTIN,2008,DEMOCRAT,BARACK OBAMA,9419,REPUBLICAN,JOHN MCCAIN,14443,OTHER,OTHER,390,
ST. MARTIN,2012,DEMOCRAT,BARACK OBAMA,9422,REPUBLICAN,MITT ROMNEY,15653,OTHER,OTHER,358,
ST. MARTIN,2016,DEMOCRAT,HILLARY CLINTON,8266,REPUBLICAN,DONALD TRUMP,16873,OTHER,OTHER,611,
ST. MARTIN,2020,DEMOCRAT,JOSEPH R BIDEN JR,8439,LIBERTARIAN,JO JORGENSEN,205,OTHER,OTHER,191,REPUBLICAN,DONALD J TRUMP,18203,
ST. MARY,2000,DEMOCRAT,AL GORE,9851,REPUBLICAN,GEORGE W. BUSH,11325,GREEN,RALPH NADER,214,OTHER,OTHER,420,
ST. MARY,2004,DEMOCRAT,JOHN KERRY,9547,REPUBLICAN,GEORGE W. BUSH,12877,OTHER,OTHER,270,
ST. MARY,2008,DEMOCRAT,BARACK OBAMA,9345,REPUBLICAN,JOHN MCCAIN,13183,OTHER,OTHER,375,
ST. MARY,2012,DEMOCRAT,BARACK OBAMA,9450,REPUBLICAN,MITT ROMNEY,13885,OTHER,OTHER,305,
ST. MARY,2016,DEMOCRAT,HILLARY CLINTON,8050,REPUBLICAN,DONALD TRUMP,14359,OTHER,OTHER,468,
ST. MARY,2020,DEMOCRAT,JOSEPH R BIDEN JR,8055,LIBERTARIAN,JO JORGENSEN,173,OTHER,OTHER,147,REPUBLICAN,DONALD J TRUMP,14811,
ST. TAMMANY,2000,DEMOCRAT,AL GORE,22722,REPUBLICAN,GEORGE W. BUSH,59193,GREEN,RALPH NADER,1199,OTHER,OTHER,623,
ST. TAMMANY,2004,DEMOCRAT,JOHN KERRY,24665,REPUBLICAN,GEORGE W. BUSH,75139,OTHER,OTHER,788,
ST. TAMMANY,2008,DEMOCRAT,BARACK OBAMA,24589,REPUBLICAN,JOHN MCCAIN,83047,OTHER,OTHER,1867,
ST. TAMMANY,2012,DEMOCRAT,BARACK OBAMA,25728,REPUBLICAN,MITT ROMNEY,84723,OTHER,OTHER,2451,
ST. TAMMANY,2016,DEMOCRAT,HILLARY CLINTON,27717,REPUBLICAN,DONALD TRUMP,90915,OTHER,OTHER,5760,
ST. TAMMANY,2020,DEMOCRAT,JOSEPH R BIDEN JR,37746,LIBERTARIAN,JO JORGENSEN,1868,OTHER,OTHER,830,REPUBLICAN,DONALD J TRUMP,99666,
TANGIPAHOA,2000,DEMOCRAT,AL GORE,15843,REPUBLICAN,GEORGE W. BUSH,20421,GREEN,RALPH NADER,405,OTHER,OTHER,486,
TANGIPAHOA,2004,DEMOCRAT,JOHN KERRY,15345,REPUBLICAN,GEORGE W. BUSH,26181,OTHER,OTHER,609,
TANGIPAHOA,2008,DEMOCRAT,BARACK OBAMA,16438,REPUBLICAN,JOHN MCCAIN,31434,OTHER,OTHER,730,
TANGIPAHOA,2012,DEMOCRAT,BARACK OBAMA,17722,REPUBLICAN,MITT ROMNEY,31590,OTHER,OTHER,787,
TANGIPAHOA,2016,DEMOCRAT,HILLARY CLINTON,16878,REPUBLICAN,DONALD TRUMP,33959,OTHER,OTHER,1579,
TANGIPAHOA,2020,DEMOCRAT,JOSEPH R BIDEN JR,18887,LIBERTARIAN,JO JORGENSEN,589,OTHER,OTHER,379,REPUBLICAN,DONALD J TRUMP,37806,
TENSAS,2000,DEMOCRAT,AL GORE,1580,REPUBLICAN,GEORGE W. BUSH,1330,GREEN,RALPH NADER,20,OTHER,OTHER,80,
TENSAS,2004,DEMOCRAT,JOHN KERRY,1469,REPUBLICAN,GEORGE W. BUSH,1453,OTHER,OTHER,41,
TENSAS,2008,DEMOCRAT,BARACK OBAMA,1646,REPUBLICAN,JOHN MCCAIN,1367,OTHER,OTHER,27,
TENSAS,2012,DEMOCRAT,BARACK OBAMA,1564,REPUBLICAN,MITT ROMNEY,1230,OTHER,OTHER,18,
TENSAS,2016,DEMOCRAT,HILLARY CLINTON,1332,REPUBLICAN,DONALD TRUMP,1182,OTHER,OTHER,34,
TENSAS,2020,DEMOCRAT,JOSEPH R BIDEN JR,1329,LIBERTARIAN,JO JORGENSEN,11,OTHER,OTHER,17,REPUBLICAN,DONALD J TRUMP,1197,
TERREBONNE,2000,DEMOCRAT,AL GORE,14414,REPUBLICAN,GEORGE W. BUSH,21314,GREEN,RALPH NADER,310,OTHER,OTHER,637,
TERREBONNE,2004,DEMOCRAT,JOHN KERRY,13684,REPUBLICAN,GEORGE W. BUSH,26358,OTHER,OTHER,532,
TERREBONNE,2008,DEMOCRAT,BARACK OBAMA,11579,REPUBLICAN,JOHN MCCAIN,28208,OTHER,OTHER,905,
TERREBONNE,2012,DEMOCRAT,BARACK OBAMA,12074,REPUBLICAN,MITT ROMNEY,29503,OTHER,OTHER,764,
TERREBONNE,2016,DEMOCRAT,HILLARY CLINTON,10665,REPUBLICAN,DONALD TRUMP,31902,OTHER,OTHER,1329,
TERREBONNE,2020,DEMOCRAT,JOSEPH R BIDEN JR,11198,LIBERTARIAN,JO JORGENSEN,434,OTHER,OTHER,269,REPUBLICAN,DONALD J TRUMP,34339,
UNION,2000,DEMOCRAT,AL GORE,3205,REPUBLICAN,GEORGE W. BUSH,5772,GREEN,RALPH NADER,66,OTHER,OTHER,300,
UNION,2004,DEMOCRAT,JOHN KERRY,3089,REPUBLICAN,GEORGE W. BUSH,7457,OTHER,OTHER,172,
UNION,2008,DEMOCRAT,BARACK OBAMA,3103,REPUBLICAN,JOHN MCCAIN,7619,OTHER,OTHER,146,
UNION,2012,DEMOCRAT,BARACK OBAMA,3075,REPUBLICAN,MITT ROMNEY,7561,OTHER,OTHER,130,
UNION,2016,DEMOCRAT,HILLARY CLINTON,2691,REPUBLICAN,DONALD TRUMP,7972,OTHER,OTHER,231,
UNION,2020,DEMOCRAT,JOSEPH R BIDEN JR,2654,LIBERTARIAN,JO JORGENSEN,76,OTHER,OTHER,64,REPUBLICAN,DONALD J TRUMP,8407,
VERMILION,2000,DEMOCRAT,AL GORE,8704,REPUBLICAN,GEORGE W. BUSH,12495,GREEN,RALPH NADER,307,OTHER,OTHER,729,
VERMILION,2004,DEMOCRAT,JOHN KERRY,9085,REPUBLICAN,GEORGE W. BUSH,15069,OTHER,OTHER,398,
VERMILION,2008,DEMOCRAT,BARACK OBAMA,6266,REPUBLICAN,JOHN MCCAIN,18069,OTHER,OTHER,498,
VERMILION,2012,DEMOCRAT,BARACK OBAMA,5720,REPUBLICAN,MITT ROMNEY,18910,OTHER,OTHER,357,
VERMILION,2016,DEMOCRAT,HILLARY CLINTON,4857,REPUBLICAN,DONALD TRUMP,20063,OTHER,OTHER,712,
VERMILION,2020,DEMOCRAT,JOSEPH R BIDEN JR,5009,LIBERTARIAN,JO JORGENSEN,228,OTHER,OTHER,157,REPUBLICAN,DONALD J TRUMP,21930,
VERNON,2000,DEMOCRAT,AL GORE,4655,REPUBLICAN,GEORGE W. BUSH,8794,GREEN,RALPH NADER,151,OTHER,OTHER,227,
VERNON,2004,DEMOCRAT,JOHN KERRY,4035,REPUBLICAN,GEORGE W. BUSH,11032,OTHER,OTHER,162,
VERNON,2008,DEMOCRAT,BARACK OBAMA,3534,REPUBLICAN,JOHN MCCAIN,11946,OTHER,OTHER,289,
VERNON,2012,DEMOCRAT,BARACK OBAMA,3173,REPUBLICAN,MITT ROMNEY,12150,OTHER,OTHER,287,
VERNON,2016,DEMOCRAT,HILLARY CLINTON,2665,REPUBLICAN,DONALD TRUMP,13471,OTHER,OTHER,497,
VERNON,2020,DEMOCRAT,JOSEPH R BIDEN JR,2898,LIBERTARIAN,JO JORGENSEN,188,OTHER,OTHER,75,REPUBLICAN,DONALD J TRUMP,14107,
WASHINGTON,2000,DEMOCRAT,AL GORE,7399,REPUBLICAN,GEORGE W. BUSH,8983,GREEN,RALPH NADER,126,OTHER,OTHER,379,
WASHINGTON,2004,DEMOCRAT,JOHN KERRY,6554,REPUBLICAN,GEORGE W. BUSH,11006,OTHER,OTHER,281,
WASHINGTON,2008,DEMOCRAT,BARACK OBAMA,6122,REPUBLICAN,JOHN MCCAIN,12215,OTHER,OTHER,287,
WASHINGTON,2012,DEMOCRAT,BARACK OBAMA,6466,REPUBLICAN,MITT ROMNEY,11798,OTHER,OTHER,317,
WASHINGTON,2016,DEMOCRAT,HILLARY CLINTON,5692,REPUBLICAN,DONALD TRUMP,12556,OTHER,OTHER,380,
WASHINGTON,2020,DEMOCRAT,JOSEPH R BIDEN JR,5970,LIBERTARIAN,JO JORGENSEN,120,OTHER,OTHER,116,REPUBLICAN,DONALD J TRUMP,13307,
WEBSTER,2000,DEMOCRAT,AL GORE,7197,REPUBLICAN,GEORGE W. BUSH,9420,GREEN,RALPH NADER,120,OTHER,OTHER,353,
WEBSTER,2004,DEMOCRAT,JOHN KERRY,6833,REPUBLICAN,GEORGE W. BUSH,11070,OTHER,OTHER,546,
WEBSTER,2008,DEMOCRAT,BARACK OBAMA,6610,REPUBLICAN,JOHN MCCAIN,11417,OTHER,OTHER,243,
WEBSTER,2012,DEMOCRAT,BARACK OBAMA,6802,REPUBLICAN,MITT ROMNEY,11400,OTHER,OTHER,214,
WEBSTER,2016,DEMOCRAT,HILLARY CLINTON,6260,REPUBLICAN,DONALD TRUMP,11542,OTHER,OTHER,343,
WEBSTER,2020,DEMOCRAT,JOSEPH R BIDEN JR,6172,LIBERTARIAN,JO JORGENSEN,119,OTHER,OTHER,95,REPUBLICAN,DONALD J TRUMP,11830,
WEST BATON ROUGE,2000,DEMOCRAT,AL GORE,5058,REPUBLICAN,GEORGE W. BUSH,4924,GREEN,RALPH NADER,69,OTHER,OTHER,118,
WEST BATON ROUGE,2004,DEMOCRAT,JOHN KERRY,4932,REPUBLICAN,GEORGE W. BUSH,5822,OTHER,OTHER,81,
WEST BATON ROUGE,2008,DEMOCRAT,BARACK OBAMA,5043,REPUBLICAN,JOHN MCCAIN,6654,OTHER,OTHER,169,
WEST BATON ROUGE,2012,DEMOCRAT,BARACK OBAMA,5692,REPUBLICAN,MITT ROMNEY,6922,OTHER,OTHER,160,
WEST BATON ROUGE,2016,DEMOCRAT,HILLARY CLINTON,5383,REPUBLICAN,DONALD TRUMP,6927,OTHER,OTHER,402,
WEST BATON ROUGE,2020,DEMOCRAT,JOSEPH R BIDEN JR,6200,LIBERTARIAN,JO JORGENSEN,122,OTHER,OTHER,91,REPUBLICAN,DONALD J TRUMP,7684,
WEST CARROLL,2000,DEMOCRAT,AL GORE,1319,REPUBLICAN,GEORGE W. BUSH,3220,GREEN,RALPH NADER,25,OTHER,OTHER,111,
WEST CARROLL,2004,DEMOCRAT,JOHN KERRY,1231,REPUBLICAN,GEORGE W. BUSH,3740,OTHER,OTHER,62,
WEST CARROLL,2008,DEMOCRAT,BARACK OBAMA,878,REPUBLICAN,JOHN MCCAIN,4045,OTHER,OTHER,64,
WEST CARROLL,2012,DEMOCRAT,BARACK OBAMA,853,REPUBLICAN,MITT ROMNEY,3628,OTHER,OTHER,67,
WEST CARROLL,2016,DEMOCRAT,HILLARY CLINTON,715,REPUBLICAN,DONALD TRUMP,3970,OTHER,OTHER,74,
WEST CARROLL,2020,DEMOCRAT,JOSEPH R BIDEN JR,710,LIBERTARIAN,JO JORGENSEN,12,OTHER,OTHER,13,REPUBLICAN,DONALD J TRUMP,4317,
WEST FELICIANA,2000,DEMOCRAT,AL GORE,2187,REPUBLICAN,GEORGE W. BUSH,2512,GREEN,RALPH NADER,62,OTHER,OTHER,99,
WEST FELICIANA,2004,DEMOCRAT,JOHN KERRY,2214,REPUBLICAN,GEORGE W. BUSH,2932,OTHER,OTHER,72,
WEST FELICIANA,2008,DEMOCRAT,BARACK OBAMA,2414,REPUBLICAN,JOHN MCCAIN,3149,OTHER,OTHER,55,
WEST FELICIANA,2012,DEMOCRAT,BARACK OBAMA,2441,REPUBLICAN,MITT ROMNEY,3257,OTHER,OTHER,79,
WEST FELICIANA,2016,DEMOCRAT,HILLARY CLINTON,2248,REPUBLICAN,DONALD TRUMP,3390,OTHER,OTHER,161,
WEST FELICIANA,2020,DEMOCRAT,JOSEPH R BIDEN JR,2298,LIBERTARIAN,JO JORGENSEN,66,OTHER,OTHER,41,REPUBLICAN,DONALD J TRUMP,3863,
WINN,2000,DEMOCRAT,AL GORE,2167,REPUBLICAN,GEORGE W. BUSH,4028,GREEN,RALPH NADER,52,OTHER,OTHER,114,
WINN,2004,DEMOCRAT,JOHN KERRY,2056,REPUBLICAN,GEORGE W. BUSH,4366,OTHER,OTHER,85,
WINN,2008,DEMOCRAT,BARACK OBAMA,2047,REPUBLICAN,JOHN MCCAIN,4632,OTHER,OTHER,93,
WINN,2012,DEMOCRAT,BARACK OBAMA,1919,REPUBLICAN,MITT ROMNEY,4541,OTHER,OTHER,74,
WINN,2016,DEMOCRAT,HILLARY CLINTON,1644,REPUBLICAN,DONALD TRUMP,4608,OTHER,OTHER,120,
WINN,2020,DEMOCRAT,JOSEPH R BIDEN JR,1543,LIBERTARIAN,JO JORGENSEN,36,OTHER,OTHER,27,REPUBLICAN,DONALD J TRUMP,4619,
