ADAMS,2000,DEMOCRAT,AL GORE,3581,REPUBLICAN,GEORGE W. BUSH,6380,GREEN,RALPH NADER,162,OTHER,OTHER,112,
ADAMS,2004,DEMOCRAT,JOHN KERRY,4280,REPUBLICAN,GEORGE W. BUSH,7653,OTHER,OTHER,66,
ADAMS,2008,DEMOCRAT,BARACK OBAMA,4170,REPUBLICAN,JOHN MCCAIN,6914,OTHER,OTHER,304,
ADAMS,2012,DEMOCRAT,BARACK OBAMA,3976,REPUBLICAN,MITT ROMNEY,6865,OTHER,OTHER,248,
ADAMS,2016,DEMOCRAT,HILLARY CLINTON,2326,REPUBLICAN,DONALD TRUMP,8659,OTHER,OTHER,374,
ADAMS,2020,DEMOCRAT,JOSEPH R BIDEN JR,2156,LIBERTARIAN,JO JORGENSEN,92,OTHER,OTHER,27,REPUBLICAN,DONALD J TRUMP,9870,
ALLEN,2000,DEMOCRAT,AL GORE,13996,REPUBLICAN,GEORGE W. BUSH,28647,GREEN,RALPH NADER,760,OTHER,OTHER,392,
ALLEN,2004,DEMOCRAT,JOHN KERRY,16483,REPUBLICAN,GEORGE W. BUSH,32585,OTHER,OTHER,206,
ALLEN,2008,DEMOCRAT,BARACK OBAMA,19521,REPUBLICAN,JOHN MCCAIN,29941,OTHER,OTHER,801,
ALLEN,2012,DEMOCRAT,BARACK OBAMA,17913,REPUBLICAN,MITT ROMNEY,29502,OTHER,OTHER,820,
ALLEN,2016,DEMOCRAT,HILLARY CLINTON,13294,REPUBLICAN,DONALD TRUMP,30487,OTHER,OTHER,2113,
ALLEN,2020,DEMOCRAT,JOSEPH R BIDEN JR,14149,LIBERTARIAN,JO JORGENSEN,590,OTHER,OTHER,151,REPUBLICAN,DONALD J TRUMP,33116,
ASHLAND,2000,DEMOCRAT,AL GORE,6685,REPUBLICAN,GEORGE W. BUSH,13533,GREEN,RALPH NADER,563,OTHER,OTHER,477,
ASHLAND,2004,DEMOCRAT,JOHN KERRY,8555,REPUBLICAN,GEORGE W. BUSH,16171,OTHER,OTHER,194,
ASHLAND,2008,DEMOCRAT,BARACK OBAMA,9300,REPUBLICAN,JOHN MCCAIN,15158,OTHER,OTHER,710,
ASHLAND,2012,DEMOCRAT,BARACK OBAMA,8281,REPUBLICAN,MITT ROMNEY,15519,OTHER,OTHER,530,
ASHLAND,2016,DEMOCRAT,HILLARY CLINTON,5740,REPUBLICAN,DONALD TRUMP,17493,OTHER,OTHER,1357,
ASHLAND,2020,DEMOCRAT,JOSEPH R BIDEN JR,6541,LIBERTARIAN,JO JORGENSEN,345,OTHER,OTHER,112,REPUBLICAN,DONALD J TRUMP,19407,
ASHTABULA,2000,DEMOCRAT,AL GORE,19831,REPUBLICAN,GEORGE W. BUSH,17940,GREEN,RALPH NADER,1109,OTHER,OTHER,592,
ASHTABULA,2004,DEMOCRAT,JOHN KERRY,24061,REPUBLICAN,GEORGE W. BUSH,21039,OTHER,OTHER,309,
ASHTABULA,2008,DEMOCRAT,BARACK OBAMA,25027,REPUBLICAN,JOHN MCCAIN,18949,OTHER,OTHER,898,
ASHTABULA,2012,DEMOCRAT,BARACK OBAMA,23803,REPUBLICAN,MITT ROMNEY,18298,OTHER,OTHER,963,
ASHTABULA,2016,DEMOCRAT,HILLARY CLINTON,15577,REPUBLICAN,DONALD TRUMP,23318,OTHER,OTHER,1972,
ASHTABULA,2020,DEMOCRAT,JOSEPH R BIDEN JR,16497,LIBERTARIAN,JO JORGENSEN,559,OTHER,OTHER,201,REPUBLICAN,DONALD J TRUMP,26890,
ATHENS,2000,DEMOCRAT,AL GORE,13158,REPUBLICAN,GEORGE W. BUSH,9703,GREEN,RALPH NADER,1663,OTHER,OTHER,923,
ATHENS,2004,DEMOCRAT,JOHN KERRY,18997,REPUBLICAN,GEORGE W. BUSH,10847,OTHER,OTHER,200,
ATHENS,2008,DEMOCRAT,BARACK OBAMA,20722,REPUBLICAN,JOHN MCCAIN,9742,OTHER,OTHER,634,
ATHENS,2012,DEMOCRAT,BARACK OBAMA,18307,REPUBLICAN,MITT ROMNEY,8543,OTHER,OTHER,788,
ATHENS,2016,DEMOCRAT,HILLARY CLINTON,16370,REPUBLICAN,DONALD TRUMP,11354,OTHER,OTHER,1719,
ATHENS,2020,DEMOCRAT,JOSEPH R BIDEN JR,14772,LIBERTARIAN,JO JORGENSEN,299,OTHER,OTHER,126,REPUBLICAN,DONALD J TRUMP,10862,
AUGLAIZE,2000,DEMOCRAT,AL GORE,5564,REPUBLICAN,GEORGE W. BUSH,13770,GREEN,RALPH NADER,372,OTHER,OTHER,186,
AUGLAIZE,2004,DEMOCRAT,JOHN KERRY,5904,REPUBLICAN,GEORGE W. BUSH,17012,OTHER,OTHER,115,
AUGLAIZE,2008,DEMOCRAT,BARACK OBAMA,6727,REPUBLICAN,JOHN MCCAIN,16395,OTHER,OTHER,364,
AUGLAIZE,2012,DEMOCRAT,BARACK OBAMA,5831,REPUBLICAN,MITT ROMNEY,17169,OTHER,OTHER,405,
AUGLAIZE,2016,DEMOCRAT,HILLARY CLINTON,3980,REPUBLICAN,DONALD TRUMP,18658,OTHER,OTHER,989,
AUGLAIZE,2020,DEMOCRAT,JOSEPH R BIDEN JR,4651,LIBERTARIAN,JO JORGENSEN,260,OTHER,OTHER,68,REPUBLICAN,DONALD J TRUMP,20798,
BELMONT,2000,DEMOCRAT,AL GORE,15980,REPUBLICAN,GEORGE W. BUSH,12625,GREEN,RALPH NADER,723,OTHER,OTHER,813,
BELMONT,2004,DEMOCRAT,JOHN KERRY,17574,REPUBLICAN,GEORGE W. BUSH,15589,OTHER,OTHER,157,
BELMONT,2008,DEMOCRAT,BARACK OBAMA,16302,REPUBLICAN,JOHN MCCAIN,15422,OTHER,OTHER,687,
BELMONT,2012,DEMOCRAT,BARACK OBAMA,14156,REPUBLICAN,MITT ROMNEY,16758,OTHER,OTHER,650,
BELMONT,2016,DEMOCRAT,HILLARY CLINTON,8785,REPUBLICAN,DONALD TRUMP,21108,OTHER,OTHER,1229,
BELMONT,2020,DEMOCRAT,JOSEPH R BIDEN JR,9138,LIBERTARIAN,JO JORGENSEN,285,OTHER,OTHER,105,REPUBLICAN,DONALD J TRUMP,23560,
BROWN,2000,DEMOCRAT,AL GORE,5972,REPUBLICAN,GEORGE W. BUSH,10027,GREEN,RALPH NADER,269,OTHER,OTHER,161,
BROWN,2004,DEMOCRAT,JOHN KERRY,7140,REPUBLICAN,GEORGE W. BUSH,12647,OTHER,OTHER,105,
BROWN,2008,DEMOCRAT,BARACK OBAMA,7503,REPUBLICAN,JOHN MCCAIN,12192,OTHER,OTHER,418,
BROWN,2012,DEMOCRAT,BARACK OBAMA,7107,REPUBLICAN,MITT ROMNEY,11916,OTHER,OTHER,369,
BROWN,2016,DEMOCRAT,HILLARY CLINTON,4353,REPUBLICAN,DONALD TRUMP,14573,OTHER,OTHER,681,
BROWN,2020,DEMOCRAT,JOSEPH R BIDEN JR,4380,LIBERTARIAN,JO JORGENSEN,182,OTHER,OTHER,54,REPUBLICAN,DONALD J TRUMP,16480,
BUTLER,2000,DEMOCRAT,AL GORE,46390,REPUBLICAN,GEORGE W. BUSH,86587,GREEN,RALPH NADER,2708,OTHER,OTHER,1052,
BUTLER,2004,DEMOCRAT,JOHN KERRY,56234,REPUBLICAN,GEORGE W. BUSH,109866,OTHER,OTHER,702,
BUTLER,2008,DEMOCRAT,BARACK OBAMA,66030,REPUBLICAN,JOHN MCCAIN,105340,OTHER,OTHER,2406,
BUTLER,2012,DEMOCRAT,BARACK OBAMA,62388,REPUBLICAN,MITT ROMNEY,105176,OTHER,OTHER,2627,
BUTLER,2016,DEMOCRAT,HILLARY CLINTON,58642,REPUBLICAN,DONALD TRUMP,106976,OTHER,OTHER,8221,
BUTLER,2020,DEMOCRAT,JOSEPH R BIDEN JR,69613,LIBERTARIAN,JO JORGENSEN,2177,OTHER,OTHER,555,REPUBLICAN,DONALD J TRUMP,114392,
CARROLL,2000,DEMOCRAT,AL GORE,4960,REPUBLICAN,GEORGE W. BUSH,6732,GREEN,RALPH NADER,271,OTHER,OTHER,298,
CARROLL,2004,DEMOCRAT,JOHN KERRY,6298,REPUBLICAN,GEORGE W. BUSH,7695,OTHER,OTHER,117,
CARROLL,2008,DEMOCRAT,BARACK OBAMA,6423,REPUBLICAN,JOHN MCCAIN,7097,OTHER,OTHER,433,
CARROLL,2012,DEMOCRAT,BARACK OBAMA,5543,REPUBLICAN,MITT ROMNEY,7315,OTHER,OTHER,404,
CARROLL,2016,DEMOCRAT,HILLARY CLINTON,3154,REPUBLICAN,DONALD TRUMP,9254,OTHER,OTHER,666,
CARROLL,2020,DEMOCRAT,JOSEPH R BIDEN JR,3251,LIBERTARIAN,JO JORGENSEN,156,OTHER,OTHER,60,REPUBLICAN,DONALD J TRUMP,10745,
CHAMPAIGN,2000,DEMOCRAT,AL GORE,5955,REPUBLICAN,GEORGE W. BUSH,9220,GREEN,RALPH NADER,346,OTHER,OTHER,159,
CHAMPAIGN,2004,DEMOCRAT,JOHN KERRY,6967,REPUBLICAN,GEORGE W. BUSH,11718,OTHER,OTHER,90,
CHAMPAIGN,2008,DEMOCRAT,BARACK OBAMA,7385,REPUBLICAN,JOHN MCCAIN,11141,OTHER,OTHER,361,
CHAMPAIGN,2012,DEMOCRAT,BARACK OBAMA,7044,REPUBLICAN,MITT ROMNEY,11045,OTHER,OTHER,332,
CHAMPAIGN,2016,DEMOCRAT,HILLARY CLINTON,4594,REPUBLICAN,DONALD TRUMP,12631,OTHER,OTHER,879,
CHAMPAIGN,2020,DEMOCRAT,JOSEPH R BIDEN JR,5062,LIBERTARIAN,JO JORGENSEN,260,OTHER,OTHER,61,REPUBLICAN,DONALD J TRUMP,14589,
CLARK,2000,DEMOCRAT,AL GORE,27984,REPUBLICAN,GEORGE W. BUSH,27660,GREEN,RALPH NADER,1347,OTHER,OTHER,568,
CLARK,2004,DEMOCRAT,JOHN KERRY,33534,REPUBLICAN,GEORGE W. BUSH,34938,OTHER,OTHER,331,
CLARK,2008,DEMOCRAT,BARACK OBAMA,31958,REPUBLICAN,JOHN MCCAIN,33634,OTHER,OTHER,1178,
CLARK,2012,DEMOCRAT,BARACK OBAMA,31298,REPUBLICAN,MITT ROMNEY,31816,OTHER,OTHER,1030,
CLARK,2016,DEMOCRAT,HILLARY CLINTON,23328,REPUBLICAN,DONALD TRUMP,35205,OTHER,OTHER,2896,
CLARK,2020,DEMOCRAT,JOSEPH R BIDEN JR,24076,LIBERTARIAN,JO JORGENSEN,829,OTHER,OTHER,275,REPUBLICAN,DONALD J TRUMP,39032,
CLERMONT,2000,DEMOCRAT,AL GORE,20927,REPUBLICAN,GEORGE W. BUSH,47129,GREEN,RALPH NADER,1303,OTHER,OTHER,518,
CLERMONT,2004,DEMOCRAT,JOHN KERRY,25885,REPUBLICAN,GEORGE W. BUSH,62946,OTHER,OTHER,211,
CLERMONT,2008,DEMOCRAT,BARACK OBAMA,31611,REPUBLICAN,JOHN MCCAIN,62559,OTHER,OTHER,1310,
CLERMONT,2012,DEMOCRAT,BARACK OBAMA,30458,REPUBLICAN,MITT ROMNEY,64208,OTHER,OTHER,1607,
CLERMONT,2016,DEMOCRAT,HILLARY CLINTON,26715,REPUBLICAN,DONALD TRUMP,67518,OTHER,OTHER,4888,
CLERMONT,2020,DEMOCRAT,JOSEPH R BIDEN JR,34092,LIBERTARIAN,JO JORGENSEN,1513,OTHER,OTHER,305,REPUBLICAN,DONALD J TRUMP,74570,
CLINTON,2000,DEMOCRAT,AL GORE,4791,REPUBLICAN,GEORGE W. BUSH,9824,GREEN,RALPH NADER,325,OTHER,OTHER,130,
CLINTON,2004,DEMOCRAT,JOHN KERRY,5417,REPUBLICAN,GEORGE W. BUSH,12938,OTHER,OTHER,59,
CLINTON,2008,DEMOCRAT,BARACK OBAMA,6558,REPUBLICAN,JOHN MCCAIN,12410,OTHER,OTHER,338,
CLINTON,2012,DEMOCRAT,BARACK OBAMA,5791,REPUBLICAN,MITT ROMNEY,12009,OTHER,OTHER,344,
CLINTON,2016,DEMOCRAT,HILLARY CLINTON,4066,REPUBLICAN,DONALD TRUMP,13838,OTHER,OTHER,771,
CLINTON,2020,DEMOCRAT,JOSEPH R BIDEN JR,4697,LIBERTARIAN,JO JORGENSEN,270,OTHER,OTHER,72,REPUBLICAN,DONALD J TRUMP,15488,
COLUMBIANA,2000,DEMOCRAT,AL GORE,20657,REPUBLICAN,GEORGE W. BUSH,21804,GREEN,RALPH NADER,1217,OTHER,OTHER,749,
COLUMBIANA,2004,DEMOCRAT,JOHN KERRY,23426,REPUBLICAN,GEORGE W. BUSH,25754,OTHER,OTHER,283,
COLUMBIANA,2008,DEMOCRAT,BARACK OBAMA,21882,REPUBLICAN,JOHN MCCAIN,25585,OTHER,OTHER,1013,
COLUMBIANA,2012,DEMOCRAT,BARACK OBAMA,19821,REPUBLICAN,MITT ROMNEY,25251,OTHER,OTHER,979,
COLUMBIANA,2016,DEMOCRAT,HILLARY CLINTON,12432,REPUBLICAN,DONALD TRUMP,31676,OTHER,OTHER,2093,
COLUMBIANA,2020,DEMOCRAT,JOSEPH R BIDEN JR,13359,LIBERTARIAN,JO JORGENSEN,607,OTHER,OTHER,168,REPUBLICAN,DONALD J TRUMP,35726,
COSHOCTON,2000,DEMOCRAT,AL GORE,5594,REPUBLICAN,GEORGE W. BUSH,8243,GREEN,RALPH NADER,295,OTHER,OTHER,136,
COSHOCTON,2004,DEMOCRAT,JOHN KERRY,6878,REPUBLICAN,GEORGE W. BUSH,9277,OTHER,OTHER,87,
COSHOCTON,2008,DEMOCRAT,BARACK OBAMA,7689,REPUBLICAN,JOHN MCCAIN,8675,OTHER,OTHER,499,
COSHOCTON,2012,DEMOCRAT,BARACK OBAMA,6940,REPUBLICAN,MITT ROMNEY,8390,OTHER,OTHER,409,
COSHOCTON,2016,DEMOCRAT,HILLARY CLINTON,4013,REPUBLICAN,DONALD TRUMP,10785,OTHER,OTHER,754,
COSHOCTON,2020,DEMOCRAT,JOSEPH R BIDEN JR,4125,LIBERTARIAN,JO JORGENSEN,227,OTHER,OTHER,62,REPUBLICAN,DONALD J TRUMP,12325,
CRAWFORD,2000,DEMOCRAT,AL GORE,6721,REPUBLICAN,GEORGE W. BUSH,11666,GREEN,RALPH NADER,536,OTHER,OTHER,253,
CRAWFORD,2004,DEMOCRAT,JOHN KERRY,7773,REPUBLICAN,GEORGE W. BUSH,13885,OTHER,OTHER,143,
CRAWFORD,2008,DEMOCRAT,BARACK OBAMA,8288,REPUBLICAN,JOHN MCCAIN,12316,OTHER,OTHER,569,
CRAWFORD,2012,DEMOCRAT,BARACK OBAMA,7507,REPUBLICAN,MITT ROMNEY,11852,OTHER,OTHER,444,
CRAWFORD,2016,DEMOCRAT,HILLARY CLINTON,4625,REPUBLICAN,DONALD TRUMP,13611,OTHER,OTHER,1001,
CRAWFORD,2020,DEMOCRAT,JOSEPH R BIDEN JR,4916,LIBERTARIAN,JO JORGENSEN,278,OTHER,OTHER,56,REPUBLICAN,DONALD J TRUMP,15436,
CUYAHOGA,2000,DEMOCRAT,AL GORE,359913,REPUBLICAN,GEORGE W. BUSH,192099,GREEN,RALPH NADER,16956,OTHER,OTHER,5814,
CUYAHOGA,2004,DEMOCRAT,JOHN KERRY,448486,REPUBLICAN,GEORGE W. BUSH,221606,OTHER,OTHER,3674,
CUYAHOGA,2008,DEMOCRAT,BARACK OBAMA,458204,REPUBLICAN,JOHN MCCAIN,199864,OTHER,OTHER,7046,
CUYAHOGA,2012,DEMOCRAT,BARACK OBAMA,447232,REPUBLICAN,MITT ROMNEY,190651,OTHER,OTHER,6398,
CUYAHOGA,2016,DEMOCRAT,HILLARY CLINTON,398271,REPUBLICAN,DONALD TRUMP,184211,OTHER,OTHER,21340,
CUYAHOGA,2020,DEMOCRAT,JOSEPH R BIDEN JR,416176,LIBERTARIAN,JO JORGENSEN,4593,OTHER,OTHER,2202,REPUBLICAN,DONALD J TRUMP,202699,
DARKE,2000,DEMOCRAT,AL GORE,7741,REPUBLICAN,GEORGE W. BUSH,14817,GREEN,RALPH NADER,452,OTHER,OTHER,257,
DARKE,2004,DEMOCRAT,JOHN KERRY,7849,REPUBLICAN,GEORGE W. BUSH,18307,OTHER,OTHER,161,
DARKE,2008,DEMOCRAT,BARACK OBAMA,7964,REPUBLICAN,JOHN MCCAIN,17290,OTHER,OTHER,539,
DARKE,2012,DEMOCRAT,BARACK OBAMA,6826,REPUBLICAN,MITT ROMNEY,18108,OTHER,OTHER,467,
DARKE,2016,DEMOCRAT,HILLARY CLINTON,4470,REPUBLICAN,DONALD TRUMP,20012,OTHER,OTHER,1002,
DARKE,2020,DEMOCRAT,JOSEPH R BIDEN JR,4731,LIBERTARIAN,JO JORGENSEN,331,OTHER,OTHER,68,REPUBLICAN,DONALD J TRUMP,22004,
DEFIANCE,2000,DEMOCRAT,AL GORE,6175,REPUBLICAN,GEORGE W. BUSH,9540,GREEN,RALPH NADER,365,OTHER,OTHER,162,
DEFIANCE,2004,DEMOCRAT,JOHN KERRY,6975,REPUBLICAN,GEORGE W. BUSH,11393,OTHER,OTHER,144,
DEFIANCE,2008,DEMOCRAT,BARACK OBAMA,8399,REPUBLICAN,JOHN MCCAIN,10407,OTHER,OTHER,391,
DEFIANCE,2012,DEMOCRAT,BARACK OBAMA,7732,REPUBLICAN,MITT ROMNEY,10176,OTHER,OTHER,380,
DEFIANCE,2016,DEMOCRAT,HILLARY CLINTON,5368,REPUBLICAN,DONALD TRUMP,11688,OTHER,OTHER,1136,
DEFIANCE,2020,DEMOCRAT,JOSEPH R BIDEN JR,5981,LIBERTARIAN,JO JORGENSEN,272,OTHER,OTHER,90,REPUBLICAN,DONALD J TRUMP,13038,
DELAWARE,2000,DEMOCRAT,AL GORE,17134,REPUBLICAN,GEORGE W. BUSH,36639,GREEN,RALPH NADER,1212,OTHER,OTHER,418,
DELAWARE,2004,DEMOCRAT,JOHN KERRY,27048,REPUBLICAN,GEORGE W. BUSH,53142,OTHER,OTHER,265,
DELAWARE,2008,DEMOCRAT,BARACK OBAMA,36653,REPUBLICAN,JOHN MCCAIN,54778,OTHER,OTHER,985,
DELAWARE,2012,DEMOCRAT,BARACK OBAMA,37292,REPUBLICAN,MITT ROMNEY,60194,OTHER,OTHER,1275,
DELAWARE,2016,DEMOCRAT,HILLARY CLINTON,40872,REPUBLICAN,DONALD TRUMP,57568,OTHER,OTHER,5420,
DELAWARE,2020,DEMOCRAT,JOSEPH R BIDEN JR,57735,LIBERTARIAN,JO JORGENSEN,1630,OTHER,OTHER,349,REPUBLICAN,DONALD J TRUMP,66356,
ERIE,2000,DEMOCRAT,AL GORE,17732,REPUBLICAN,GEORGE W. BUSH,16105,GREEN,RALPH NADER,872,OTHER,OTHER,306,
ERIE,2004,DEMOCRAT,JOHN KERRY,21408,REPUBLICAN,GEORGE W. BUSH,18601,OTHER,OTHER,67,
ERIE,2008,DEMOCRAT,BARACK OBAMA,23148,REPUBLICAN,JOHN MCCAIN,17432,OTHER,OTHER,649,
ERIE,2012,DEMOCRAT,BARACK OBAMA,21793,REPUBLICAN,MITT ROMNEY,16952,OTHER,OTHER,660,
ERIE,2016,DEMOCRAT,HILLARY CLINTON,16057,REPUBLICAN,DONALD TRUMP,19648,OTHER,OTHER,1873,
ERIE,2020,DEMOCRAT,JOSEPH R BIDEN JR,17493,LIBERTARIAN,JO JORGENSEN,522,OTHER,OTHER,160,REPUBLICAN,DONALD J TRUMP,22160,
FAIRFIELD,2000,DEMOCRAT,AL GORE,19065,REPUBLICAN,GEORGE W. BUSH,33523,GREEN,RALPH NADER,1115,OTHER,OTHER,391,
FAIRFIELD,2004,DEMOCRAT,JOHN KERRY,24774,REPUBLICAN,GEORGE W. BUSH,42697,OTHER,OTHER,384,
FAIRFIELD,2008,DEMOCRAT,BARACK OBAMA,29250,REPUBLICAN,JOHN MCCAIN,41580,OTHER,OTHER,1116,
FAIRFIELD,2012,DEMOCRAT,BARACK OBAMA,29890,REPUBLICAN,MITT ROMNEY,41034,OTHER,OTHER,1144,
FAIRFIELD,2016,DEMOCRAT,HILLARY CLINTON,24881,REPUBLICAN,DONALD TRUMP,44314,OTHER,OTHER,3718,
FAIRFIELD,2020,DEMOCRAT,JOSEPH R BIDEN JR,31224,LIBERTARIAN,JO JORGENSEN,1033,OTHER,OTHER,257,REPUBLICAN,DONALD J TRUMP,50797,
FAYETTE,2000,DEMOCRAT,AL GORE,3363,REPUBLICAN,GEORGE W. BUSH,5685,GREEN,RALPH NADER,165,OTHER,OTHER,65,
FAYETTE,2004,DEMOCRAT,JOHN KERRY,4334,REPUBLICAN,GEORGE W. BUSH,7375,OTHER,OTHER,47,
FAYETTE,2008,DEMOCRAT,BARACK OBAMA,4401,REPUBLICAN,JOHN MCCAIN,7102,OTHER,OTHER,191,
FAYETTE,2012,DEMOCRAT,BARACK OBAMA,4249,REPUBLICAN,MITT ROMNEY,6620,OTHER,OTHER,151,
FAYETTE,2016,DEMOCRAT,HILLARY CLINTON,2739,REPUBLICAN,DONALD TRUMP,7995,OTHER,OTHER,428,
FAYETTE,2020,DEMOCRAT,JOSEPH R BIDEN JR,2975,LIBERTARIAN,JO JORGENSEN,132,OTHER,OTHER,32,REPUBLICAN,DONALD J TRUMP,9473,
FRANKLIN,2000,DEMOCRAT,AL GORE,202018,REPUBLICAN,GEORGE W. BUSH,197862,GREEN,RALPH NADER,10702,OTHER,OTHER,3492,
FRANKLIN,2004,DEMOCRAT,JOHN KERRY,285800,REPUBLICAN,GEORGE W. BUSH,237252,OTHER,OTHER,2772,
FRANKLIN,2008,DEMOCRAT,BARACK OBAMA,334684,REPUBLICAN,JOHN MCCAIN,218478,OTHER,OTHER,7129,
FRANKLIN,2012,DEMOCRAT,BARACK OBAMA,346336,REPUBLICAN,MITT ROMNEY,215987,OTHER,OTHER,8660,
FRANKLIN,2016,DEMOCRAT,HILLARY CLINTON,351198,REPUBLICAN,DONALD TRUMP,199331,OTHER,OTHER,30611,
FRANKLIN,2020,DEMOCRAT,JOSEPH R BIDEN JR,409144,LIBERTARIAN,JO JORGENSEN,7718,OTHER,OTHER,2478,REPUBLICAN,DONALD J TRUMP,211237,
FULTON,2000,DEMOCRAT,AL GORE,6805,REPUBLICAN,GEORGE W. BUSH,11546,GREEN,RALPH NADER,376,OTHER,OTHER,169,
FULTON,2004,DEMOCRAT,JOHN KERRY,8224,REPUBLICAN,GEORGE W. BUSH,13639,OTHER,OTHER,90,
FULTON,2008,DEMOCRAT,BARACK OBAMA,9900,REPUBLICAN,JOHN MCCAIN,11689,OTHER,OTHER,384,
FULTON,2012,DEMOCRAT,BARACK OBAMA,9073,REPUBLICAN,MITT ROMNEY,11738,OTHER,OTHER,457,
FULTON,2016,DEMOCRAT,HILLARY CLINTON,6069,REPUBLICAN,DONALD TRUMP,13709,OTHER,OTHER,1447,
FULTON,2020,DEMOCRAT,JOSEPH R BIDEN JR,6664,LIBERTARIAN,JO JORGENSEN,299,OTHER,OTHER,76,REPUBLICAN,DONALD J TRUMP,15731,
GALLIA,2000,DEMOCRAT,AL GORE,4872,REPUBLICAN,GEORGE W. BUSH,7511,GREEN,RALPH NADER,215,OTHER,OTHER,178,
GALLIA,2004,DEMOCRAT,JOHN KERRY,5364,REPUBLICAN,GEORGE W. BUSH,8577,OTHER,OTHER,51,
GALLIA,2008,DEMOCRAT,BARACK OBAMA,4777,REPUBLICAN,JOHN MCCAIN,8247,OTHER,OTHER,294,
GALLIA,2012,DEMOCRAT,BARACK OBAMA,4557,REPUBLICAN,MITT ROMNEY,7750,OTHER,OTHER,288,
GALLIA,2016,DEMOCRAT,HILLARY CLINTON,2628,REPUBLICAN,DONALD TRUMP,9822,OTHER,OTHER,481,
GALLIA,2020,DEMOCRAT,JOSEPH R BIDEN JR,2990,LIBERTARIAN,JO JORGENSEN,132,OTHER,OTHER,32,REPUBLICAN,DONALD J TRUMP,10645,
GEAUGA,2000,DEMOCRAT,AL GORE,15327,REPUBLICAN,GEORGE W. BUSH,25417,GREEN,RALPH NADER,1405,OTHER,OTHER,451,
GEAUGA,2004,DEMOCRAT,JOHN KERRY,19840,REPUBLICAN,GEORGE W. BUSH,30358,OTHER,OTHER,221,
GEAUGA,2008,DEMOCRAT,BARACK OBAMA,21250,REPUBLICAN,JOHN MCCAIN,29096,OTHER,OTHER,756,
GEAUGA,2012,DEMOCRAT,BARACK OBAMA,19659,REPUBLICAN,MITT ROMNEY,30589,OTHER,OTHER,749,
GEAUGA,2016,DEMOCRAT,HILLARY CLINTON,17569,REPUBLICAN,DONALD TRUMP,30227,OTHER,OTHER,2145,
GEAUGA,2020,DEMOCRAT,JOSEPH R BIDEN JR,21201,LIBERTARIAN,JO JORGENSEN,534,OTHER,OTHER,143,REPUBLICAN,DONALD J TRUMP,34143,
GREENE,2000,DEMOCRAT,AL GORE,25059,REPUBLICAN,GEORGE W. BUSH,37946,GREEN,RALPH NADER,1592,OTHER,OTHER,607,
GREENE,2004,DEMOCRAT,JOHN KERRY,30530,REPUBLICAN,GEORGE W. BUSH,48377,OTHER,OTHER,365,
GREENE,2008,DEMOCRAT,BARACK OBAMA,33540,REPUBLICAN,JOHN MCCAIN,48936,OTHER,OTHER,1113,
GREENE,2012,DEMOCRAT,BARACK OBAMA,32256,REPUBLICAN,MITT ROMNEY,49819,OTHER,OTHER,1415,
GREENE,2016,DEMOCRAT,HILLARY CLINTON,28943,REPUBLICAN,DONALD TRUMP,48540,OTHER,OTHER,4375,
GREENE,2020,DEMOCRAT,JOSEPH R BIDEN JR,34798,LIBERTARIAN,JO JORGENSEN,1458,OTHER,OTHER,315,REPUBLICAN,DONALD J TRUMP,52072,
GUERNSEY,2000,DEMOCRAT,AL GORE,6643,REPUBLICAN,GEORGE W. BUSH,8181,GREEN,RALPH NADER,405,OTHER,OTHER,201,
GUERNSEY,2004,DEMOCRAT,JOHN KERRY,7768,REPUBLICAN,GEORGE W. BUSH,9961,OTHER,OTHER,111,
GUERNSEY,2008,DEMOCRAT,BARACK OBAMA,7625,REPUBLICAN,JOHN MCCAIN,9197,OTHER,OTHER,503,
GUERNSEY,2012,DEMOCRAT,BARACK OBAMA,7450,REPUBLICAN,MITT ROMNEY,8993,OTHER,OTHER,371,
GUERNSEY,2016,DEMOCRAT,HILLARY CLINTON,4359,REPUBLICAN,DONALD TRUMP,11445,OTHER,OTHER,753,
GUERNSEY,2020,DEMOCRAT,JOSEPH R BIDEN JR,4577,LIBERTARIAN,JO JORGENSEN,177,OTHER,OTHER,69,REPUBLICAN,DONALD J TRUMP,13407,
HAMILTON,2000,DEMOCRAT,AL GORE,161578,REPUBLICAN,GEORGE W. BUSH,204175,GREEN,RALPH NADER,9222,OTHER,OTHER,2924,
HAMILTON,2004,DEMOCRAT,JOHN KERRY,199499,REPUBLICAN,GEORGE W. BUSH,222404,OTHER,OTHER,1731,
HAMILTON,2008,DEMOCRAT,BARACK OBAMA,224644,REPUBLICAN,JOHN MCCAIN,195107,OTHER,OTHER,4331,
HAMILTON,2012,DEMOCRAT,BARACK OBAMA,219927,REPUBLICAN,MITT ROMNEY,193326,OTHER,OTHER,5641,
HAMILTON,2016,DEMOCRAT,HILLARY CLINTON,215719,REPUBLICAN,DONALD TRUMP,173665,OTHER,OTHER,19725,
HAMILTON,2020,DEMOCRAT,JOSEPH R BIDEN JR,246266,LIBERTARIAN,JO JORGENSEN,5211,OTHER,OTHER,1566,REPUBLICAN,DONALD J TRUMP,177886,
HANCOCK,2000,DEMOCRAT,AL GORE,8798,REPUBLICAN,GEORGE W. BUSH,20985,GREEN,RALPH NADER,592,OTHER,OTHER,242,
HANCOCK,2004,DEMOCRAT,JOHN KERRY,10343,REPUBLICAN,GEORGE W. BUSH,25101,OTHER,OTHER,162,
HANCOCK,2008,DEMOCRAT,BARACK OBAMA,13870,REPUBLICAN,JOHN MCCAIN,22420,OTHER,OTHER,691,
HANCOCK,2012,DEMOCRAT,BARACK OBAMA,12564,REPUBLICAN,MITT ROMNEY,22443,OTHER,OTHER,687,
HANCOCK,2016,DEMOCRAT,HILLARY CLINTON,9609,REPUBLICAN,DONALD TRUMP,24183,OTHER,OTHER,2231,
HANCOCK,2020,DEMOCRAT,JOSEPH R BIDEN JR,11757,LIBERTARIAN,JO JORGENSEN,580,OTHER,OTHER,124,REPUBLICAN,DONALD J TRUMP,26310,
HARDIN,2000,DEMOCRAT,AL GORE,4557,REPUBLICAN,GEORGE W. BUSH,7124,GREEN,RALPH NADER,243,OTHER,OTHER,144,
HARDIN,2004,DEMOCRAT,JOHN KERRY,4889,REPUBLICAN,GEORGE W. BUSH,8436,OTHER,OTHER,60,
HARDIN,2008,DEMOCRAT,BARACK OBAMA,5013,REPUBLICAN,JOHN MCCAIN,7749,OTHER,OTHER,352,
HARDIN,2012,DEMOCRAT,BARACK OBAMA,4619,REPUBLICAN,MITT ROMNEY,7489,OTHER,OTHER,341,
HARDIN,2016,DEMOCRAT,HILLARY CLINTON,2920,REPUBLICAN,DONALD TRUMP,8717,OTHER,OTHER,657,
HARDIN,2020,DEMOCRAT,JOSEPH R BIDEN JR,3062,LIBERTARIAN,JO JORGENSEN,192,OTHER,OTHER,44,REPUBLICAN,DONALD J TRUMP,9949,
HARRISON,2000,DEMOCRAT,AL GORE,3351,REPUBLICAN,GEORGE W. BUSH,3417,GREEN,RALPH NADER,192,OTHER,OTHER,201,
HARRISON,2004,DEMOCRAT,JOHN KERRY,3780,REPUBLICAN,GEORGE W. BUSH,4274,OTHER,OTHER,55,
HARRISON,2008,DEMOCRAT,BARACK OBAMA,3683,REPUBLICAN,JOHN MCCAIN,3872,OTHER,OTHER,232,
HARRISON,2012,DEMOCRAT,BARACK OBAMA,2950,REPUBLICAN,MITT ROMNEY,4019,OTHER,OTHER,172,
HARRISON,2016,DEMOCRAT,HILLARY CLINTON,1688,REPUBLICAN,DONALD TRUMP,5098,OTHER,OTHER,293,
HARRISON,2020,DEMOCRAT,JOSEPH R BIDEN JR,1768,LIBERTARIAN,JO JORGENSEN,59,OTHER,OTHER,36,REPUBLICAN,DONALD J TRUMP,5792,
HENRY,2000,DEMOCRAT,AL GORE,4367,REPUBLICAN,GEORGE W. BUSH,8530,GREEN,RALPH NADER,258,OTHER,OTHER,97,
HENRY,2004,DEMOCRAT,JOHN KERRY,5110,REPUBLICAN,GEORGE W. BUSH,9901,OTHER,OTHER,92,
HENRY,2008,DEMOCRAT,BARACK OBAMA,6320,REPUBLICAN,JOHN MCCAIN,8239,OTHER,OTHER,281,
HENRY,2012,DEMOCRAT,BARACK OBAMA,5658,REPUBLICAN,MITT ROMNEY,8257,OTHER,OTHER,321,
HENRY,2016,DEMOCRAT,HILLARY CLINTON,3756,REPUBLICAN,DONALD TRUMP,9301,OTHER,OTHER,875,
HENRY,2020,DEMOCRAT,JOSEPH R BIDEN JR,4062,LIBERTARIAN,JO JORGENSEN,175,OTHER,OTHER,48,REPUBLICAN,DONALD J TRUMP,10479,
HIGHLAND,2000,DEMOCRAT,AL GORE,5328,REPUBLICAN,GEORGE W. BUSH,9728,GREEN,RALPH NADER,245,OTHER,OTHER,146,
HIGHLAND,2004,DEMOCRAT,JOHN KERRY,6194,REPUBLICAN,GEORGE W. BUSH,12212,OTHER,OTHER,76,
HIGHLAND,2008,DEMOCRAT,BARACK OBAMA,6857,REPUBLICAN,JOHN MCCAIN,11908,OTHER,OTHER,423,
HIGHLAND,2012,DEMOCRAT,BARACK OBAMA,6049,REPUBLICAN,MITT ROMNEY,11410,OTHER,OTHER,380,
HIGHLAND,2016,DEMOCRAT,HILLARY CLINTON,3773,REPUBLICAN,DONALD TRUMP,14020,OTHER,OTHER,708,
HIGHLAND,2020,DEMOCRAT,JOSEPH R BIDEN JR,3799,LIBERTARIAN,JO JORGENSEN,146,OTHER,OTHER,53,REPUBLICAN,DONALD J TRUMP,15678,
HOCKING,2000,DEMOCRAT,AL GORE,4474,REPUBLICAN,GEORGE W. BUSH,5702,GREEN,RALPH NADER,291,OTHER,OTHER,289,
HOCKING,2004,DEMOCRAT,JOHN KERRY,6173,REPUBLICAN,GEORGE W. BUSH,6935,OTHER,OTHER,88,
HOCKING,2008,DEMOCRAT,BARACK OBAMA,6231,REPUBLICAN,JOHN MCCAIN,6326,OTHER,OTHER,338,
HOCKING,2012,DEMOCRAT,BARACK OBAMA,6157,REPUBLICAN,MITT ROMNEY,6285,OTHER,OTHER,286,
HOCKING,2016,DEMOCRAT,HILLARY CLINTON,3775,REPUBLICAN,DONALD TRUMP,8497,OTHER,OTHER,566,
HOCKING,2020,DEMOCRAT,JOSEPH R BIDEN JR,3880,LIBERTARIAN,JO JORGENSEN,162,OTHER,OTHER,45,REPUBLICAN,DONALD J TRUMP,9737,
HOLMES,2000,DEMOCRAT,AL GORE,2066,REPUBLICAN,GEORGE W. BUSH,6754,GREEN,RALPH NADER,172,OTHER,OTHER,153,
HOLMES,2004,DEMOCRAT,JOHN KERRY,2695,REPUBLICAN,GEORGE W. BUSH,8466,OTHER,OTHER,57,
HOLMES,2008,DEMOCRAT,BARACK OBAMA,3141,REPUBLICAN,JOHN MCCAIN,7720,OTHER,OTHER,252,
HOLMES,2012,DEMOCRAT,BARACK OBAMA,2608,REPUBLICAN,MITT ROMNEY,8702,OTHER,OTHER,226,
HOLMES,2016,DEMOCRAT,HILLARY CLINTON,1788,REPUBLICAN,DONALD TRUMP,8720,OTHER,OTHER,546,
HOLMES,2020,DEMOCRAT,JOSEPH R BIDEN JR,1994,LIBERTARIAN,JO JORGENSEN,125,OTHER,OTHER,32,REPUBLICAN,DONALD J TRUMP,10796,
HURON,2000,DEMOCRAT,AL GORE,8183,REPUBLICAN,GEORGE W. BUSH,12286,GREEN,RALPH NADER,560,OTHER,OTHER,331,
HURON,2004,DEMOCRAT,JOHN KERRY,10585,REPUBLICAN,GEORGE W. BUSH,14834,OTHER,OTHER,173,
HURON,2008,DEMOCRAT,BARACK OBAMA,12076,REPUBLICAN,JOHN MCCAIN,12884,OTHER,OTHER,622,
HURON,2012,DEMOCRAT,BARACK OBAMA,11006,REPUBLICAN,MITT ROMNEY,13060,OTHER,OTHER,597,
HURON,2016,DEMOCRAT,HILLARY CLINTON,7192,REPUBLICAN,DONALD TRUMP,16226,OTHER,OTHER,1416,
HURON,2020,DEMOCRAT,JOSEPH R BIDEN JR,7759,LIBERTARIAN,JO JORGENSEN,387,OTHER,OTHER,88,REPUBLICAN,DONALD J TRUMP,18956,
JACKSON,2000,DEMOCRAT,AL GORE,5131,REPUBLICAN,GEORGE W. BUSH,6958,GREEN,RALPH NADER,222,OTHER,OTHER,179,
JACKSON,2004,DEMOCRAT,JOHN KERRY,5699,REPUBLICAN,GEORGE W. BUSH,8585,OTHER,OTHER,49,
JACKSON,2008,DEMOCRAT,BARACK OBAMA,5397,REPUBLICAN,JOHN MCCAIN,8219,OTHER,OTHER,377,
JACKSON,2012,DEMOCRAT,BARACK OBAMA,5166,REPUBLICAN,MITT ROMNEY,7904,OTHER,OTHER,311,
JACKSON,2016,DEMOCRAT,HILLARY CLINTON,3226,REPUBLICAN,DONALD TRUMP,9949,OTHER,OTHER,518,
JACKSON,2020,DEMOCRAT,JOSEPH R BIDEN JR,3311,LIBERTARIAN,JO JORGENSEN,144,OTHER,OTHER,30,REPUBLICAN,DONALD J TRUMP,11309,
JEFFERSON,2000,DEMOCRAT,AL GORE,17488,REPUBLICAN,GEORGE W. BUSH,15038,GREEN,RALPH NADER,897,OTHER,OTHER,1213,
JEFFERSON,2004,DEMOCRAT,JOHN KERRY,19019,REPUBLICAN,GEORGE W. BUSH,17184,OTHER,OTHER,163,
JEFFERSON,2008,DEMOCRAT,BARACK OBAMA,17635,REPUBLICAN,JOHN MCCAIN,17559,OTHER,OTHER,745,
JEFFERSON,2012,DEMOCRAT,BARACK OBAMA,15385,REPUBLICAN,MITT ROMNEY,17034,OTHER,OTHER,650,
JEFFERSON,2016,DEMOCRAT,HILLARY CLINTON,9675,REPUBLICAN,DONALD TRUMP,21117,OTHER,OTHER,1409,
JEFFERSON,2020,DEMOCRAT,JOSEPH R BIDEN JR,10018,LIBERTARIAN,JO JORGENSEN,357,OTHER,OTHER,159,REPUBLICAN,DONALD J TRUMP,22828,
KNOX,2000,DEMOCRAT,AL GORE,7133,REPUBLICAN,GEORGE W. BUSH,13393,GREEN,RALPH NADER,452,OTHER,OTHER,282,
KNOX,2004,DEMOCRAT,JOHN KERRY,9828,REPUBLICAN,GEORGE W. BUSH,17081,OTHER,OTHER,157,
KNOX,2008,DEMOCRAT,BARACK OBAMA,11014,REPUBLICAN,JOHN MCCAIN,16640,OTHER,OTHER,577,
KNOX,2012,DEMOCRAT,BARACK OBAMA,10470,REPUBLICAN,MITT ROMNEY,17266,OTHER,OTHER,652,
KNOX,2016,DEMOCRAT,HILLARY CLINTON,8171,REPUBLICAN,DONALD TRUMP,19131,OTHER,OTHER,1385,
KNOX,2020,DEMOCRAT,JOSEPH R BIDEN JR,8589,LIBERTARIAN,JO JORGENSEN,374,OTHER,OTHER,95,REPUBLICAN,DONALD J TRUMP,22340,
LAKE,2000,DEMOCRAT,AL GORE,46497,REPUBLICAN,GEORGE W. BUSH,51747,GREEN,RALPH NADER,3166,OTHER,OTHER,1154,
LAKE,2004,DEMOCRAT,JOHN KERRY,59049,REPUBLICAN,GEORGE W. BUSH,62193,OTHER,OTHER,581,
LAKE,2008,DEMOCRAT,BARACK OBAMA,60155,REPUBLICAN,JOHN MCCAIN,59142,OTHER,OTHER,2038,
LAKE,2012,DEMOCRAT,BARACK OBAMA,57680,REPUBLICAN,MITT ROMNEY,58744,OTHER,OTHER,1980,
LAKE,2016,DEMOCRAT,HILLARY CLINTON,46397,REPUBLICAN,DONALD TRUMP,64255,OTHER,OTHER,5594,
LAKE,2020,DEMOCRAT,JOSEPH R BIDEN JR,55514,LIBERTARIAN,JO JORGENSEN,1284,OTHER,OTHER,433,REPUBLICAN,DONALD J TRUMP,73278,
LAWRENCE,2000,DEMOCRAT,AL GORE,11307,REPUBLICAN,GEORGE W. BUSH,12531,GREEN,RALPH NADER,402,OTHER,OTHER,212,
LAWRENCE,2004,DEMOCRAT,JOHN KERRY,12111,REPUBLICAN,GEORGE W. BUSH,15457,OTHER,OTHER,138,
LAWRENCE,2008,DEMOCRAT,BARACK OBAMA,11262,REPUBLICAN,JOHN MCCAIN,15415,OTHER,OTHER,517,
LAWRENCE,2012,DEMOCRAT,BARACK OBAMA,10744,REPUBLICAN,MITT ROMNEY,14651,OTHER,OTHER,438,
LAWRENCE,2016,DEMOCRAT,HILLARY CLINTON,6974,REPUBLICAN,DONALD TRUMP,18689,OTHER,OTHER,944,
LAWRENCE,2020,DEMOCRAT,JOSEPH R BIDEN JR,7489,LIBERTARIAN,JO JORGENSEN,259,OTHER,OTHER,73,REPUBLICAN,DONALD J TRUMP,20306,
LICKING,2000,DEMOCRAT,AL GORE,23196,REPUBLICAN,GEORGE W. BUSH,37180,GREEN,RALPH NADER,1498,OTHER,OTHER,592,
LICKING,2004,DEMOCRAT,JOHN KERRY,30051,REPUBLICAN,GEORGE W. BUSH,49014,OTHER,OTHER,351,
LICKING,2008,DEMOCRAT,BARACK OBAMA,33896,REPUBLICAN,JOHN MCCAIN,46886,OTHER,OTHER,1501,
LICKING,2012,DEMOCRAT,BARACK OBAMA,34201,REPUBLICAN,MITT ROMNEY,45503,OTHER,OTHER,1686,
LICKING,2016,DEMOCRAT,HILLARY CLINTON,27376,REPUBLICAN,DONALD TRUMP,51241,OTHER,OTHER,4144,
LICKING,2020,DEMOCRAT,JOSEPH R BIDEN JR,33055,LIBERTARIAN,JO JORGENSEN,1279,OTHER,OTHER,362,REPUBLICAN,DONALD J TRUMP,59514,
LOGAN,2000,DEMOCRAT,AL GORE,5945,REPUBLICAN,GEORGE W. BUSH,11849,GREEN,RALPH NADER,449,OTHER,OTHER,212,
LOGAN,2004,DEMOCRAT,JOHN KERRY,6825,REPUBLICAN,GEORGE W. BUSH,14471,OTHER,OTHER,102,
LOGAN,2008,DEMOCRAT,BARACK OBAMA,7936,REPUBLICAN,JOHN MCCAIN,13848,OTHER,OTHER,433,
LOGAN,2012,DEMOCRAT,BARACK OBAMA,7062,REPUBLICAN,MITT ROMNEY,13633,OTHER,OTHER,442,
LOGAN,2016,DEMOCRAT,HILLARY CLINTON,4647,REPUBLICAN,DONALD TRUMP,15957,OTHER,OTHER,967,
LOGAN,2020,DEMOCRAT,JOSEPH R BIDEN JR,5055,LIBERTARIAN,JO JORGENSEN,272,OTHER,OTHER,77,REPUBLICAN,DONALD J TRUMP,17964,
LORAIN,2000,DEMOCRAT,AL GORE,59809,REPUBLICAN,GEORGE W. BUSH,47957,GREEN,RALPH NADER,3183,OTHER,OTHER,1231,
LORAIN,2004,DEMOCRAT,JOHN KERRY,78965,REPUBLICAN,GEORGE W. BUSH,61196,OTHER,OTHER,569,
LORAIN,2008,DEMOCRAT,BARACK OBAMA,85276,REPUBLICAN,JOHN MCCAIN,59068,OTHER,OTHER,2515,
LORAIN,2012,DEMOCRAT,BARACK OBAMA,81464,REPUBLICAN,MITT ROMNEY,59405,OTHER,OTHER,2384,
LORAIN,2016,DEMOCRAT,HILLARY CLINTON,66949,REPUBLICAN,DONALD TRUMP,66818,OTHER,OTHER,6795,
LORAIN,2020,DEMOCRAT,JOSEPH R BIDEN JR,75667,LIBERTARIAN,JO JORGENSEN,1677,OTHER,OTHER,573,REPUBLICAN,DONALD J TRUMP,79520,
LUCAS,2000,DEMOCRAT,AL GORE,108344,REPUBLICAN,GEORGE W. BUSH,73342,GREEN,RALPH NADER,4227,OTHER,OTHER,1437,
LUCAS,2004,DEMOCRAT,JOHN KERRY,132536,REPUBLICAN,GEORGE W. BUSH,87106,OTHER,OTHER,547,
LUCAS,2008,DEMOCRAT,BARACK OBAMA,142852,REPUBLICAN,JOHN MCCAIN,73706,OTHER,OTHER,3272,
LUCAS,2012,DEMOCRAT,BARACK OBAMA,136616,REPUBLICAN,MITT ROMNEY,69940,OTHER,OTHER,3662,
LUCAS,2016,DEMOCRAT,HILLARY CLINTON,110833,REPUBLICAN,DONALD TRUMP,75698,OTHER,OTHER,11025,
LUCAS,2020,DEMOCRAT,JOSEPH R BIDEN JR,115411,LIBERTARIAN,JO JORGENSEN,2605,OTHER,OTHER,844,REPUBLICAN,DONALD J TRUMP,81763,
MADISON,2000,DEMOCRAT,AL GORE,5287,REPUBLICAN,GEORGE W. BUSH,8892,GREEN,RALPH NADER,299,OTHER,OTHER,189,
MADISON,2004,DEMOCRAT,JOHN KERRY,6200,REPUBLICAN,GEORGE W. BUSH,11120,OTHER,OTHER,78,
MADISON,2008,DEMOCRAT,BARACK OBAMA,6532,REPUBLICAN,JOHN MCCAIN,10603,OTHER,OTHER,316,
MADISON,2012,DEMOCRAT,BARACK OBAMA,6845,REPUBLICAN,MITT ROMNEY,10342,OTHER,OTHER,330,
MADISON,2016,DEMOCRAT,HILLARY CLINTON,4779,REPUBLICAN,DONALD TRUMP,11631,OTHER,OTHER,880,
MADISON,2020,DEMOCRAT,JOSEPH R BIDEN JR,5698,LIBERTARIAN,JO JORGENSEN,269,OTHER,OTHER,53,REPUBLICAN,DONALD J TRUMP,13835,
MAHONING,2000,DEMOCRAT,AL GORE,69212,REPUBLICAN,GEORGE W. BUSH,40460,GREEN,RALPH NADER,3322,OTHER,OTHER,1125,
MAHONING,2004,DEMOCRAT,JOHN KERRY,83069,REPUBLICAN,GEORGE W. BUSH,48712,OTHER,OTHER,950,
MAHONING,2008,DEMOCRAT,BARACK OBAMA,79173,REPUBLICAN,JOHN MCCAIN,45319,OTHER,OTHER,2540,
MAHONING,2012,DEMOCRAT,BARACK OBAMA,77059,REPUBLICAN,MITT ROMNEY,42641,OTHER,OTHER,1610,
MAHONING,2016,DEMOCRAT,HILLARY CLINTON,57381,REPUBLICAN,DONALD TRUMP,53616,OTHER,OTHER,4075,
MAHONING,2020,DEMOCRAT,JOSEPH R BIDEN JR,57641,LIBERTARIAN,JO JORGENSEN,966,OTHER,OTHER,456,REPUBLICAN,DONALD J TRUMP,59903,
MARION,2000,DEMOCRAT,AL GORE,10370,REPUBLICAN,GEORGE W. BUSH,13617,GREEN,RALPH NADER,588,OTHER,OTHER,240,
MARION,2004,DEMOCRAT,JOHN KERRY,11930,REPUBLICAN,GEORGE W. BUSH,17171,OTHER,OTHER,157,
MARION,2008,DEMOCRAT,BARACK OBAMA,12870,REPUBLICAN,JOHN MCCAIN,15454,OTHER,OTHER,693,
MARION,2012,DEMOCRAT,BARACK OBAMA,12504,REPUBLICAN,MITT ROMNEY,14265,OTHER,OTHER,583,
MARION,2016,DEMOCRAT,HILLARY CLINTON,7928,REPUBLICAN,DONALD TRUMP,16961,OTHER,OTHER,1433,
MARION,2020,DEMOCRAT,JOSEPH R BIDEN JR,8269,LIBERTARIAN,JO JORGENSEN,414,OTHER,OTHER,112,REPUBLICAN,DONALD J TRUMP,19023,
MEDINA,2000,DEMOCRAT,AL GORE,26635,REPUBLICAN,GEORGE W. BUSH,37349,GREEN,RALPH NADER,1960,OTHER,OTHER,939,
MEDINA,2004,DEMOCRAT,JOHN KERRY,36264,REPUBLICAN,GEORGE W. BUSH,48183,OTHER,OTHER,420,
MEDINA,2008,DEMOCRAT,BARACK OBAMA,40924,REPUBLICAN,JOHN MCCAIN,48189,OTHER,OTHER,1338,
MEDINA,2012,DEMOCRAT,BARACK OBAMA,38785,REPUBLICAN,MITT ROMNEY,50418,OTHER,OTHER,1580,
MEDINA,2016,DEMOCRAT,HILLARY CLINTON,32182,REPUBLICAN,DONALD TRUMP,54810,OTHER,OTHER,4381,
MEDINA,2020,DEMOCRAT,JOSEPH R BIDEN JR,39800,LIBERTARIAN,JO JORGENSEN,1144,OTHER,OTHER,283,REPUBLICAN,DONALD J TRUMP,64598,
MEIGS,2000,DEMOCRAT,AL GORE,3674,REPUBLICAN,GEORGE W. BUSH,5750,GREEN,RALPH NADER,226,OTHER,OTHER,145,
MEIGS,2004,DEMOCRAT,JOHN KERRY,4437,REPUBLICAN,GEORGE W. BUSH,6273,OTHER,OTHER,61,
MEIGS,2008,DEMOCRAT,BARACK OBAMA,4094,REPUBLICAN,JOHN MCCAIN,6015,OTHER,OTHER,245,
MEIGS,2012,DEMOCRAT,BARACK OBAMA,4027,REPUBLICAN,MITT ROMNEY,5895,OTHER,OTHER,296,
MEIGS,2016,DEMOCRAT,HILLARY CLINTON,2260,REPUBLICAN,DONALD TRUMP,7309,OTHER,OTHER,416,
MEIGS,2020,DEMOCRAT,JOSEPH R BIDEN JR,2492,LIBERTARIAN,JO JORGENSEN,111,OTHER,OTHER,32,REPUBLICAN,DONALD J TRUMP,8316,
MERCER,2000,DEMOCRAT,AL GORE,5212,REPUBLICAN,GEORGE W. BUSH,12485,GREEN,RALPH NADER,392,OTHER,OTHER,205,
MERCER,2004,DEMOCRAT,JOHN KERRY,5117,REPUBLICAN,GEORGE W. BUSH,15649,OTHER,OTHER,122,
MERCER,2008,DEMOCRAT,BARACK OBAMA,5853,REPUBLICAN,JOHN MCCAIN,15100,OTHER,OTHER,318,
MERCER,2012,DEMOCRAT,BARACK OBAMA,4745,REPUBLICAN,MITT ROMNEY,16561,OTHER,OTHER,355,
MERCER,2016,DEMOCRAT,HILLARY CLINTON,3384,REPUBLICAN,DONALD TRUMP,17506,OTHER,OTHER,836,
MERCER,2020,DEMOCRAT,JOSEPH R BIDEN JR,4030,LIBERTARIAN,JO JORGENSEN,204,OTHER,OTHER,75,REPUBLICAN,DONALD J TRUMP,19452,
MIAMI,2000,DEMOCRAT,AL GORE,15584,REPUBLICAN,GEORGE W. BUSH,26037,GREEN,RALPH NADER,879,OTHER,OTHER,341,
MIAMI,2004,DEMOCRAT,JOHN KERRY,17611,REPUBLICAN,GEORGE W. BUSH,34005,OTHER,OTHER,164,
MIAMI,2008,DEMOCRAT,BARACK OBAMA,18372,REPUBLICAN,JOHN MCCAIN,33417,OTHER,OTHER,1018,
MIAMI,2012,DEMOCRAT,BARACK OBAMA,16383,REPUBLICAN,MITT ROMNEY,34606,OTHER,OTHER,947,
MIAMI,2016,DEMOCRAT,HILLARY CLINTON,13120,REPUBLICAN,DONALD TRUMP,37079,OTHER,OTHER,2535,
MIAMI,2020,DEMOCRAT,JOSEPH R BIDEN JR,15663,LIBERTARIAN,JO JORGENSEN,782,OTHER,OTHER,156,REPUBLICAN,DONALD J TRUMP,41371,
MONROE,2000,DEMOCRAT,AL GORE,3605,REPUBLICAN,GEORGE W. BUSH,3145,GREEN,RALPH NADER,149,OTHER,OTHER,216,
MONROE,2004,DEMOCRAT,JOHN KERRY,4243,REPUBLICAN,GEORGE W. BUSH,3424,OTHER,OTHER,62,
MONROE,2008,DEMOCRAT,BARACK OBAMA,3705,REPUBLICAN,JOHN MCCAIN,3066,OTHER,OTHER,211,
MONROE,2012,DEMOCRAT,BARACK OBAMA,3035,REPUBLICAN,MITT ROMNEY,3548,OTHER,OTHER,199,
MONROE,2016,DEMOCRAT,HILLARY CLINTON,1662,REPUBLICAN,DONALD TRUMP,4868,OTHER,OTHER,265,
MONROE,2020,DEMOCRAT,JOSEPH R BIDEN JR,1605,LIBERTARIAN,JO JORGENSEN,54,OTHER,OTHER,26,REPUBLICAN,DONALD J TRUMP,5463,
MONTGOMERY,2000,DEMOCRAT,AL GORE,114597,REPUBLICAN,GEORGE W. BUSH,109792,GREEN,RALPH NADER,4690,OTHER,OTHER,1908,
MONTGOMERY,2004,DEMOCRAT,JOHN KERRY,142977,REPUBLICAN,GEORGE W. BUSH,138361,OTHER,OTHER,1215,
MONTGOMERY,2008,DEMOCRAT,BARACK OBAMA,145997,REPUBLICAN,JOHN MCCAIN,128679,OTHER,OTHER,3835,
MONTGOMERY,2012,DEMOCRAT,BARACK OBAMA,137139,REPUBLICAN,MITT ROMNEY,124841,OTHER,OTHER,4298,
MONTGOMERY,2016,DEMOCRAT,HILLARY CLINTON,122016,REPUBLICAN,DONALD TRUMP,123909,OTHER,OTHER,12376,
MONTGOMERY,2020,DEMOCRAT,JOSEPH R BIDEN JR,135064,LIBERTARIAN,JO JORGENSEN,3418,OTHER,OTHER,989,REPUBLICAN,DONALD J TRUMP,129034,
MORGAN,2000,DEMOCRAT,AL GORE,2261,REPUBLICAN,GEORGE W. BUSH,3451,GREEN,RALPH NADER,177,OTHER,OTHER,104,
MORGAN,2004,DEMOCRAT,JOHN KERRY,2873,REPUBLICAN,GEORGE W. BUSH,3757,OTHER,OTHER,70,
MORGAN,2008,DEMOCRAT,BARACK OBAMA,2966,REPUBLICAN,JOHN MCCAIN,3440,OTHER,OTHER,202,
MORGAN,2012,DEMOCRAT,BARACK OBAMA,2814,REPUBLICAN,MITT ROMNEY,3179,OTHER,OTHER,136,
MORGAN,2016,DEMOCRAT,HILLARY CLINTON,1736,REPUBLICAN,DONALD TRUMP,4431,OTHER,OTHER,276,
MORGAN,2020,DEMOCRAT,JOSEPH R BIDEN JR,1725,LIBERTARIAN,JO JORGENSEN,64,OTHER,OTHER,17,REPUBLICAN,DONALD J TRUMP,5041,
MORROW,2000,DEMOCRAT,AL GORE,4529,REPUBLICAN,GEORGE W. BUSH,7842,GREEN,RALPH NADER,305,OTHER,OTHER,163,
MORROW,2004,DEMOCRAT,JOHN KERRY,5775,REPUBLICAN,GEORGE W. BUSH,10475,OTHER,OTHER,79,
MORROW,2008,DEMOCRAT,BARACK OBAMA,6177,REPUBLICAN,JOHN MCCAIN,10067,OTHER,OTHER,399,
MORROW,2012,DEMOCRAT,BARACK OBAMA,5933,REPUBLICAN,MITT ROMNEY,9865,OTHER,OTHER,386,
MORROW,2016,DEMOCRAT,HILLARY CLINTON,3761,REPUBLICAN,DONALD TRUMP,11948,OTHER,OTHER,839,
MORROW,2020,DEMOCRAT,JOSEPH R BIDEN JR,4048,LIBERTARIAN,JO JORGENSEN,257,OTHER,OTHER,75,REPUBLICAN,DONALD J TRUMP,14077,
MUSKINGUM,2000,DEMOCRAT,AL GORE,13415,REPUBLICAN,GEORGE W. BUSH,17995,GREEN,RALPH NADER,882,OTHER,OTHER,332,
MUSKINGUM,2004,DEMOCRAT,JOHN KERRY,16421,REPUBLICAN,GEORGE W. BUSH,22251,OTHER,OTHER,191,
MUSKINGUM,2008,DEMOCRAT,BARACK OBAMA,17730,REPUBLICAN,JOHN MCCAIN,20549,OTHER,OTHER,792,
MUSKINGUM,2012,DEMOCRAT,BARACK OBAMA,17001,REPUBLICAN,MITT ROMNEY,19264,OTHER,OTHER,820,
MUSKINGUM,2016,DEMOCRAT,HILLARY CLINTON,11123,REPUBLICAN,DONALD TRUMP,24056,OTHER,OTHER,1812,
MUSKINGUM,2020,DEMOCRAT,JOSEPH R BIDEN JR,11971,LIBERTARIAN,JO JORGENSEN,459,OTHER,OTHER,168,REPUBLICAN,DONALD J TRUMP,27867,
NOBLE,2000,DEMOCRAT,AL GORE,2296,REPUBLICAN,GEORGE W. BUSH,3435,GREEN,RALPH NADER,154,OTHER,OTHER,103,
NOBLE,2004,DEMOCRAT,JOHN KERRY,2654,REPUBLICAN,GEORGE W. BUSH,3841,OTHER,OTHER,45,
NOBLE,2008,DEMOCRAT,BARACK OBAMA,2474,REPUBLICAN,JOHN MCCAIN,3450,OTHER,OTHER,248,
NOBLE,2012,DEMOCRAT,BARACK OBAMA,2131,REPUBLICAN,MITT ROMNEY,3563,OTHER,OTHER,178,
NOBLE,2016,DEMOCRAT,HILLARY CLINTON,1221,REPUBLICAN,DONALD TRUMP,4549,OTHER,OTHER,243,
NOBLE,2020,DEMOCRAT,JOSEPH R BIDEN JR,1170,LIBERTARIAN,JO JORGENSEN,25,OTHER,OTHER,13,REPUBLICAN,DONALD J TRUMP,5135,
OTTAWA,2000,DEMOCRAT,AL GORE,9485,REPUBLICAN,GEORGE W. BUSH,9917,GREEN,RALPH NADER,432,OTHER,OTHER,134,
OTTAWA,2004,DEMOCRAT,JOHN KERRY,11114,REPUBLICAN,GEORGE W. BUSH,12075,OTHER,OTHER,68,
OTTAWA,2008,DEMOCRAT,BARACK OBAMA,12049,REPUBLICAN,JOHN MCCAIN,10618,OTHER,OTHER,402,
OTTAWA,2012,DEMOCRAT,BARACK OBAMA,11503,REPUBLICAN,MITT ROMNEY,10538,OTHER,OTHER,415,
OTTAWA,2016,DEMOCRAT,HILLARY CLINTON,8285,REPUBLICAN,DONALD TRUMP,12653,OTHER,OTHER,1280,
OTTAWA,2020,DEMOCRAT,JOSEPH R BIDEN JR,9008,LIBERTARIAN,JO JORGENSEN,292,OTHER,OTHER,79,REPUBLICAN,DONALD J TRUMP,14628,
PAULDING,2000,DEMOCRAT,AL GORE,3384,REPUBLICAN,GEORGE W. BUSH,5210,GREEN,RALPH NADER,242,OTHER,OTHER,110,
PAULDING,2004,DEMOCRAT,JOHN KERRY,3610,REPUBLICAN,GEORGE W. BUSH,6205,OTHER,OTHER,64,
PAULDING,2008,DEMOCRAT,BARACK OBAMA,4165,REPUBLICAN,JOHN MCCAIN,5317,OTHER,OTHER,287,
PAULDING,2012,DEMOCRAT,BARACK OBAMA,3538,REPUBLICAN,MITT ROMNEY,5354,OTHER,OTHER,236,
PAULDING,2016,DEMOCRAT,HILLARY CLINTON,2093,REPUBLICAN,DONALD TRUMP,6500,OTHER,OTHER,454,
PAULDING,2020,DEMOCRAT,JOSEPH R BIDEN JR,2213,LIBERTARIAN,JO JORGENSEN,124,OTHER,OTHER,44,REPUBLICAN,DONALD J TRUMP,7086,
PERRY,2000,DEMOCRAT,AL GORE,5895,REPUBLICAN,GEORGE W. BUSH,6440,GREEN,RALPH NADER,334,OTHER,OTHER,159,
PERRY,2004,DEMOCRAT,JOHN KERRY,7257,REPUBLICAN,GEORGE W. BUSH,7855,OTHER,OTHER,76,
PERRY,2008,DEMOCRAT,BARACK OBAMA,7261,REPUBLICAN,JOHN MCCAIN,7721,OTHER,OTHER,422,
PERRY,2012,DEMOCRAT,BARACK OBAMA,7033,REPUBLICAN,MITT ROMNEY,7627,OTHER,OTHER,324,
PERRY,2016,DEMOCRAT,HILLARY CLINTON,4138,REPUBLICAN,DONALD TRUMP,10228,OTHER,OTHER,629,
PERRY,2020,DEMOCRAT,JOSEPH R BIDEN JR,4098,LIBERTARIAN,JO JORGENSEN,170,OTHER,OTHER,50,REPUBLICAN,DONALD J TRUMP,12357,
PICKAWAY,2000,DEMOCRAT,AL GORE,6598,REPUBLICAN,GEORGE W. BUSH,10717,GREEN,RALPH NADER,276,OTHER,OTHER,149,
PICKAWAY,2004,DEMOCRAT,JOHN KERRY,8578,REPUBLICAN,GEORGE W. BUSH,14160,OTHER,OTHER,112,
PICKAWAY,2008,DEMOCRAT,BARACK OBAMA,9077,REPUBLICAN,JOHN MCCAIN,14228,OTHER,OTHER,421,
PICKAWAY,2012,DEMOCRAT,BARACK OBAMA,9684,REPUBLICAN,MITT ROMNEY,14037,OTHER,OTHER,402,
PICKAWAY,2016,DEMOCRAT,HILLARY CLINTON,6529,REPUBLICAN,DONALD TRUMP,17076,OTHER,OTHER,1140,
PICKAWAY,2020,DEMOCRAT,JOSEPH R BIDEN JR,7304,LIBERTARIAN,JO JORGENSEN,295,OTHER,OTHER,79,REPUBLICAN,DONALD J TRUMP,20593,
PIKE,2000,DEMOCRAT,AL GORE,4923,REPUBLICAN,GEORGE W. BUSH,5333,GREEN,RALPH NADER,176,OTHER,OTHER,128,
PIKE,2004,DEMOCRAT,JOHN KERRY,5989,REPUBLICAN,GEORGE W. BUSH,6519,OTHER,OTHER,67,
PIKE,2008,DEMOCRAT,BARACK OBAMA,6033,REPUBLICAN,JOHN MCCAIN,6162,OTHER,OTHER,311,
PIKE,2012,DEMOCRAT,BARACK OBAMA,5684,REPUBLICAN,MITT ROMNEY,5685,OTHER,OTHER,212,
PIKE,2016,DEMOCRAT,HILLARY CLINTON,3539,REPUBLICAN,DONALD TRUMP,7902,OTHER,OTHER,438,
PIKE,2020,DEMOCRAT,JOSEPH R BIDEN JR,3110,LIBERTARIAN,JO JORGENSEN,123,OTHER,OTHER,22,REPUBLICAN,DONALD J TRUMP,9157,
PORTAGE,2000,DEMOCRAT,AL GORE,31446,REPUBLICAN,GEORGE W. BUSH,28271,GREEN,RALPH NADER,2340,OTHER,OTHER,842,
PORTAGE,2004,DEMOCRAT,JOHN KERRY,40674,REPUBLICAN,GEORGE W. BUSH,35583,OTHER,OTHER,389,
PORTAGE,2008,DEMOCRAT,BARACK OBAMA,41856,REPUBLICAN,JOHN MCCAIN,34822,OTHER,OTHER,1527,
PORTAGE,2012,DEMOCRAT,BARACK OBAMA,39453,REPUBLICAN,MITT ROMNEY,35242,OTHER,OTHER,1544,
PORTAGE,2016,DEMOCRAT,HILLARY CLINTON,32397,REPUBLICAN,DONALD TRUMP,39971,OTHER,OTHER,3771,
PORTAGE,2020,DEMOCRAT,JOSEPH R BIDEN JR,35661,LIBERTARIAN,JO JORGENSEN,906,OTHER,OTHER,315,REPUBLICAN,DONALD J TRUMP,45990,
PREBLE,2000,DEMOCRAT,AL GORE,6375,REPUBLICAN,GEORGE W. BUSH,11176,GREEN,RALPH NADER,404,OTHER,OTHER,211,
PREBLE,2004,DEMOCRAT,JOHN KERRY,7274,REPUBLICAN,GEORGE W. BUSH,13733,OTHER,OTHER,119,
PREBLE,2008,DEMOCRAT,BARACK OBAMA,6999,REPUBLICAN,JOHN MCCAIN,13562,OTHER,OTHER,441,
PREBLE,2012,DEMOCRAT,BARACK OBAMA,6211,REPUBLICAN,MITT ROMNEY,13535,OTHER,OTHER,423,
PREBLE,2016,DEMOCRAT,HILLARY CLINTON,4325,REPUBLICAN,DONALD TRUMP,15446,OTHER,OTHER,794,
PREBLE,2020,DEMOCRAT,JOSEPH R BIDEN JR,4493,LIBERTARIAN,JO JORGENSEN,243,OTHER,OTHER,51,REPUBLICAN,DONALD J TRUMP,17022,
PUTNAM,2000,DEMOCRAT,AL GORE,4063,REPUBLICAN,GEORGE W. BUSH,12837,GREEN,RALPH NADER,254,OTHER,OTHER,190,
PUTNAM,2004,DEMOCRAT,JOHN KERRY,4392,REPUBLICAN,GEORGE W. BUSH,14370,OTHER,OTHER,87,
PUTNAM,2008,DEMOCRAT,BARACK OBAMA,5281,REPUBLICAN,JOHN MCCAIN,13072,OTHER,OTHER,327,
PUTNAM,2012,DEMOCRAT,BARACK OBAMA,4318,REPUBLICAN,MITT ROMNEY,13721,OTHER,OTHER,333,
PUTNAM,2016,DEMOCRAT,HILLARY CLINTON,2922,REPUBLICAN,DONALD TRUMP,14961,OTHER,OTHER,884,
PUTNAM,2020,DEMOCRAT,JOSEPH R BIDEN JR,3195,LIBERTARIAN,JO JORGENSEN,247,OTHER,OTHER,67,REPUBLICAN,DONALD J TRUMP,16412,
RICHLAND,2000,DEMOCRAT,AL GORE,20572,REPUBLICAN,GEORGE W. BUSH,30138,GREEN,RALPH NADER,1306,OTHER,OTHER,763,
RICHLAND,2004,DEMOCRAT,JOHN KERRY,24645,REPUBLICAN,GEORGE W. BUSH,36892,OTHER,OTHER,330,
RICHLAND,2008,DEMOCRAT,BARACK OBAMA,25727,REPUBLICAN,JOHN MCCAIN,34034,OTHER,OTHER,1361,
RICHLAND,2012,DEMOCRAT,BARACK OBAMA,22687,REPUBLICAN,MITT ROMNEY,33867,OTHER,OTHER,1161,
RICHLAND,2016,DEMOCRAT,HILLARY CLINTON,16085,REPUBLICAN,DONALD TRUMP,36590,OTHER,OTHER,2539,
RICHLAND,2020,DEMOCRAT,JOSEPH R BIDEN JR,17640,LIBERTARIAN,JO JORGENSEN,680,OTHER,OTHER,183,REPUBLICAN,DONALD J TRUMP,41472,
ROSS,2000,DEMOCRAT,AL GORE,11662,REPUBLICAN,GEORGE W. BUSH,13706,GREEN,RALPH NADER,421,OTHER,OTHER,227,
ROSS,2004,DEMOCRAT,JOHN KERRY,13977,REPUBLICAN,GEORGE W. BUSH,17229,OTHER,OTHER,463,
ROSS,2008,DEMOCRAT,BARACK OBAMA,14455,REPUBLICAN,JOHN MCCAIN,16759,OTHER,OTHER,626,
ROSS,2012,DEMOCRAT,BARACK OBAMA,14569,REPUBLICAN,MITT ROMNEY,15008,OTHER,OTHER,506,
ROSS,2016,DEMOCRAT,HILLARY CLINTON,10356,REPUBLICAN,DONALD TRUMP,18652,OTHER,OTHER,1372,
ROSS,2020,DEMOCRAT,JOSEPH R BIDEN JR,10557,LIBERTARIAN,JO JORGENSEN,345,OTHER,OTHER,119,REPUBLICAN,DONALD J TRUMP,22278,
SANDUSKY,2000,DEMOCRAT,AL GORE,11146,REPUBLICAN,GEORGE W. BUSH,13699,GREEN,RALPH NADER,587,OTHER,OTHER,312,
SANDUSKY,2004,DEMOCRAT,JOHN KERRY,12653,REPUBLICAN,GEORGE W. BUSH,16198,OTHER,OTHER,104,
SANDUSKY,2008,DEMOCRAT,BARACK OBAMA,15601,REPUBLICAN,JOHN MCCAIN,14190,OTHER,OTHER,582,
SANDUSKY,2012,DEMOCRAT,BARACK OBAMA,14541,REPUBLICAN,MITT ROMNEY,13755,OTHER,OTHER,698,
SANDUSKY,2016,DEMOCRAT,HILLARY CLINTON,9929,REPUBLICAN,DONALD TRUMP,16316,OTHER,OTHER,1799,
SANDUSKY,2020,DEMOCRAT,JOSEPH R BIDEN JR,10596,LIBERTARIAN,JO JORGENSEN,448,OTHER,OTHER,134,REPUBLICAN,DONALD J TRUMP,18896,
SCIOTO,2000,DEMOCRAT,AL GORE,13997,REPUBLICAN,GEORGE W. BUSH,15022,GREEN,RALPH NADER,590,OTHER,OTHER,336,
SCIOTO,2004,DEMOCRAT,JOHN KERRY,16823,REPUBLICAN,GEORGE W. BUSH,18257,OTHER,OTHER,117,
SCIOTO,2008,DEMOCRAT,BARACK OBAMA,14926,REPUBLICAN,JOHN MCCAIN,16994,OTHER,OTHER,651,
SCIOTO,2012,DEMOCRAT,BARACK OBAMA,15077,REPUBLICAN,MITT ROMNEY,15492,OTHER,OTHER,592,
SCIOTO,2016,DEMOCRAT,HILLARY CLINTON,9132,REPUBLICAN,DONALD TRUMP,20550,OTHER,OTHER,1102,
SCIOTO,2020,DEMOCRAT,JOSEPH R BIDEN JR,9080,LIBERTARIAN,JO JORGENSEN,262,OTHER,OTHER,96,REPUBLICAN,DONALD J TRUMP,22609,
SENECA,2000,DEMOCRAT,AL GORE,9512,REPUBLICAN,GEORGE W. BUSH,13863,GREEN,RALPH NADER,666,OTHER,OTHER,310,
SENECA,2004,DEMOCRAT,JOHN KERRY,10958,REPUBLICAN,GEORGE W. BUSH,15885,OTHER,OTHER,148,
SENECA,2008,DEMOCRAT,BARACK OBAMA,13087,REPUBLICAN,JOHN MCCAIN,13823,OTHER,OTHER,539,
SENECA,2012,DEMOCRAT,BARACK OBAMA,11353,REPUBLICAN,MITT ROMNEY,13243,OTHER,OTHER,666,
SENECA,2016,DEMOCRAT,HILLARY CLINTON,7404,REPUBLICAN,DONALD TRUMP,14825,OTHER,OTHER,1758,
SENECA,2020,DEMOCRAT,JOSEPH R BIDEN JR,8266,LIBERTARIAN,JO JORGENSEN,357,OTHER,OTHER,101,REPUBLICAN,DONALD J TRUMP,17086,
SHELBY,2000,DEMOCRAT,AL GORE,6593,REPUBLICAN,GEORGE W. BUSH,12476,GREEN,RALPH NADER,392,OTHER,OTHER,209,
SHELBY,2004,DEMOCRAT,JOHN KERRY,6534,REPUBLICAN,GEORGE W. BUSH,16204,OTHER,OTHER,116,
SHELBY,2008,DEMOCRAT,BARACK OBAMA,7317,REPUBLICAN,JOHN MCCAIN,15924,OTHER,OTHER,427,
SHELBY,2012,DEMOCRAT,BARACK OBAMA,6343,REPUBLICAN,MITT ROMNEY,17142,OTHER,OTHER,381,
SHELBY,2016,DEMOCRAT,HILLARY CLINTON,4243,REPUBLICAN,DONALD TRUMP,18590,OTHER,OTHER,907,
SHELBY,2020,DEMOCRAT,JOSEPH R BIDEN JR,4465,LIBERTARIAN,JO JORGENSEN,290,OTHER,OTHER,81,REPUBLICAN,DONALD J TRUMP,20422,
STARK,2000,DEMOCRAT,AL GORE,75308,REPUBLICAN,GEORGE W. BUSH,78153,GREEN,RALPH NADER,4032,OTHER,OTHER,2351,
STARK,2004,DEMOCRAT,JOHN KERRY,95338,REPUBLICAN,GEORGE W. BUSH,92211,OTHER,OTHER,907,
STARK,2008,DEMOCRAT,BARACK OBAMA,96990,REPUBLICAN,JOHN MCCAIN,86743,OTHER,OTHER,3812,
STARK,2012,DEMOCRAT,BARACK OBAMA,89432,REPUBLICAN,MITT ROMNEY,88581,OTHER,OTHER,3464,
STARK,2016,DEMOCRAT,HILLARY CLINTON,68146,REPUBLICAN,DONALD TRUMP,98388,OTHER,OTHER,8705,
STARK,2020,DEMOCRAT,JOSEPH R BIDEN JR,75904,LIBERTARIAN,JO JORGENSEN,2163,OTHER,OTHER,715,REPUBLICAN,DONALD J TRUMP,111097,
SUMMIT,2000,DEMOCRAT,AL GORE,119759,REPUBLICAN,GEORGE W. BUSH,96721,GREEN,RALPH NADER,5955,OTHER,OTHER,2404,
SUMMIT,2004,DEMOCRAT,JOHN KERRY,156578,REPUBLICAN,GEORGE W. BUSH,118553,OTHER,OTHER,1173,
SUMMIT,2008,DEMOCRAT,BARACK OBAMA,155105,REPUBLICAN,JOHN MCCAIN,110499,OTHER,OTHER,3455,
SUMMIT,2012,DEMOCRAT,BARACK OBAMA,153037,REPUBLICAN,MITT ROMNEY,111000,OTHER,OTHER,3674,
SUMMIT,2016,DEMOCRAT,HILLARY CLINTON,134256,REPUBLICAN,DONALD TRUMP,112026,OTHER,OTHER,11697,
SUMMIT,2020,DEMOCRAT,JOSEPH R BIDEN JR,151668,LIBERTARIAN,JO JORGENSEN,3003,OTHER,OTHER,969,REPUBLICAN,DONALD J TRUMP,124833,
TRUMBULL,2000,DEMOCRAT,AL GORE,57643,REPUBLICAN,GEORGE W. BUSH,34654,GREEN,RALPH NADER,2749,OTHER,OTHER,1193,
TRUMBULL,2004,DEMOCRAT,JOHN KERRY,66673,REPUBLICAN,GEORGE W. BUSH,40976,OTHER,OTHER,495,
TRUMBULL,2008,DEMOCRAT,BARACK OBAMA,64145,REPUBLICAN,JOHN MCCAIN,40164,OTHER,OTHER,2579,
TRUMBULL,2012,DEMOCRAT,BARACK OBAMA,61672,REPUBLICAN,MITT ROMNEY,38279,OTHER,OTHER,1768,
TRUMBULL,2016,DEMOCRAT,HILLARY CLINTON,43014,REPUBLICAN,DONALD TRUMP,49024,OTHER,OTHER,3991,
TRUMBULL,2020,DEMOCRAT,JOSEPH R BIDEN JR,44519,LIBERTARIAN,JO JORGENSEN,913,OTHER,OTHER,375,REPUBLICAN,DONALD J TRUMP,55194,
TUSCARAWAS,2000,DEMOCRAT,AL GORE,15879,REPUBLICAN,GEORGE W. BUSH,19549,GREEN,RALPH NADER,1061,OTHER,OTHER,629,
TUSCARAWAS,2004,DEMOCRAT,JOHN KERRY,18854,REPUBLICAN,GEORGE W. BUSH,23825,OTHER,OTHER,225,
TUSCARAWAS,2008,DEMOCRAT,BARACK OBAMA,21498,REPUBLICAN,JOHN MCCAIN,20454,OTHER,OTHER,998,
TUSCARAWAS,2012,DEMOCRAT,BARACK OBAMA,18407,REPUBLICAN,MITT ROMNEY,22242,OTHER,OTHER,964,
TUSCARAWAS,2016,DEMOCRAT,HILLARY CLINTON,12188,REPUBLICAN,DONALD TRUMP,26918,OTHER,OTHER,2183,
TUSCARAWAS,2020,DEMOCRAT,JOSEPH R BIDEN JR,12889,LIBERTARIAN,JO JORGENSEN,494,OTHER,OTHER,174,REPUBLICAN,DONALD J TRUMP,30458,
UNION,2000,DEMOCRAT,AL GORE,5040,REPUBLICAN,GEORGE W. BUSH,11502,GREEN,RALPH NADER,336,OTHER,OTHER,146,
UNION,2004,DEMOCRAT,JOHN KERRY,6665,REPUBLICAN,GEORGE W. BUSH,15869,OTHER,OTHER,96,
UNION,2008,DEMOCRAT,BARACK OBAMA,8761,REPUBLICAN,JOHN MCCAIN,15744,OTHER,OTHER,423,
UNION,2012,DEMOCRAT,BARACK OBAMA,8805,REPUBLICAN,MITT ROMNEY,16289,OTHER,OTHER,473,
UNION,2016,DEMOCRAT,HILLARY CLINTON,7718,REPUBLICAN,DONALD TRUMP,18096,OTHER,OTHER,1615,
UNION,2020,DEMOCRAT,JOSEPH R BIDEN JR,11141,LIBERTARIAN,JO JORGENSEN,535,OTHER,OTHER,100,REPUBLICAN,DONALD J TRUMP,21669,
VAN WERT,2000,DEMOCRAT,AL GORE,4209,REPUBLICAN,GEORGE W. BUSH,8679,GREEN,RALPH NADER,216,OTHER,OTHER,115,
VAN WERT,2004,DEMOCRAT,JOHN KERRY,4094,REPUBLICAN,GEORGE W. BUSH,10678,OTHER,OTHER,54,
VAN WERT,2008,DEMOCRAT,BARACK OBAMA,5178,REPUBLICAN,JOHN MCCAIN,9168,OTHER,OTHER,306,
VAN WERT,2012,DEMOCRAT,BARACK OBAMA,4029,REPUBLICAN,MITT ROMNEY,9585,OTHER,OTHER,252,
VAN WERT,2016,DEMOCRAT,HILLARY CLINTON,2697,REPUBLICAN,DONALD TRUMP,10469,OTHER,OTHER,604,
VAN WERT,2020,DEMOCRAT,JOSEPH R BIDEN JR,3067,LIBERTARIAN,JO JORGENSEN,201,OTHER,OTHER,47,REPUBLICAN,DONALD J TRUMP,11650,
VINTON,2000,DEMOCRAT,AL GORE,2037,REPUBLICAN,GEORGE W. BUSH,2720,GREEN,RALPH NADER,110,OTHER,OTHER,79,
VINTON,2004,DEMOCRAT,JOHN KERRY,2651,REPUBLICAN,GEORGE W. BUSH,3251,OTHER,OTHER,28,
VINTON,2008,DEMOCRAT,BARACK OBAMA,2463,REPUBLICAN,JOHN MCCAIN,3021,OTHER,OTHER,162,
VINTON,2012,DEMOCRAT,BARACK OBAMA,2436,REPUBLICAN,MITT ROMNEY,2856,OTHER,OTHER,175,
VINTON,2016,DEMOCRAT,HILLARY CLINTON,1351,REPUBLICAN,DONALD TRUMP,3883,OTHER,OTHER,268,
VINTON,2020,DEMOCRAT,JOSEPH R BIDEN JR,1331,LIBERTARIAN,JO JORGENSEN,47,OTHER,OTHER,20,REPUBLICAN,DONALD J TRUMP,4632,
WARREN,2000,DEMOCRAT,AL GORE,19142,REPUBLICAN,GEORGE W. BUSH,48318,GREEN,RALPH NADER,1067,OTHER,OTHER,551,
WARREN,2004,DEMOCRAT,JOHN KERRY,26043,REPUBLICAN,GEORGE W. BUSH,68035,OTHER,OTHER,341,
WARREN,2008,DEMOCRAT,BARACK OBAMA,33398,REPUBLICAN,JOHN MCCAIN,71691,OTHER,OTHER,1127,
WARREN,2012,DEMOCRAT,BARACK OBAMA,32909,REPUBLICAN,MITT ROMNEY,76561,OTHER,OTHER,1534,
WARREN,2016,DEMOCRAT,HILLARY CLINTON,33730,REPUBLICAN,DONALD TRUMP,77643,OTHER,OTHER,5894,
WARREN,2020,DEMOCRAT,JOSEPH R BIDEN JR,46069,LIBERTARIAN,JO JORGENSEN,1747,OTHER,OTHER,296,REPUBLICAN,DONALD J TRUMP,87988,
WASHINGTON,2000,DEMOCRAT,AL GORE,10383,REPUBLICAN,GEORGE W. BUSH,15342,GREEN,RALPH NADER,571,OTHER,OTHER,219,
WASHINGTON,2004,DEMOCRAT,JOHN KERRY,12475,REPUBLICAN,GEORGE W. BUSH,17480,OTHER,OTHER,146,
WASHINGTON,2008,DEMOCRAT,BARACK OBAMA,12368,REPUBLICAN,JOHN MCCAIN,17019,OTHER,OTHER,545,
WASHINGTON,2012,DEMOCRAT,BARACK OBAMA,11651,REPUBLICAN,MITT ROMNEY,17284,OTHER,OTHER,564,
WASHINGTON,2016,DEMOCRAT,HILLARY CLINTON,8026,REPUBLICAN,DONALD TRUMP,20514,OTHER,OTHER,1300,
WASHINGTON,2020,DEMOCRAT,JOSEPH R BIDEN JR,9243,LIBERTARIAN,JO JORGENSEN,372,OTHER,OTHER,109,REPUBLICAN,DONALD J TRUMP,22307,
WAYNE,2000,DEMOCRAT,AL GORE,14779,REPUBLICAN,GEORGE W. BUSH,25901,GREEN,RALPH NADER,1171,OTHER,OTHER,585,
WAYNE,2004,DEMOCRAT,JOHN KERRY,19786,REPUBLICAN,GEORGE W. BUSH,31879,OTHER,OTHER,183,
WAYNE,2008,DEMOCRAT,BARACK OBAMA,21712,REPUBLICAN,JOHN MCCAIN,29342,OTHER,OTHER,1088,
WAYNE,2012,DEMOCRAT,BARACK OBAMA,19808,REPUBLICAN,MITT ROMNEY,30251,OTHER,OTHER,1005,
WAYNE,2016,DEMOCRAT,HILLARY CLINTON,15031,REPUBLICAN,DONALD TRUMP,32270,OTHER,OTHER,2552,
WAYNE,2020,DEMOCRAT,JOSEPH R BIDEN JR,16660,LIBERTARIAN,JO JORGENSEN,665,OTHER,OTHER,199,REPUBLICAN,DONALD J TRUMP,36759,
WILLIAMS,2000,DEMOCRAT,AL GORE,5454,REPUBLICAN,GEORGE W. BUSH,9941,GREEN,RALPH NADER,347,OTHER,OTHER,177,
WILLIAMS,2004,DEMOCRAT,JOHN KERRY,6481,REPUBLICAN,GEORGE W. BUSH,12040,OTHER,OTHER,118,
WILLIAMS,2008,DEMOCRAT,BARACK OBAMA,8174,REPUBLICAN,JOHN MCCAIN,9880,OTHER,OTHER,343,
WILLIAMS,2012,DEMOCRAT,BARACK OBAMA,7266,REPUBLICAN,MITT ROMNEY,10047,OTHER,OTHER,393,
WILLIAMS,2016,DEMOCRAT,HILLARY CLINTON,4358,REPUBLICAN,DONALD TRUMP,11939,OTHER,OTHER,1011,
WILLIAMS,2020,DEMOCRAT,JOSEPH R BIDEN JR,4842,LIBERTARIAN,JO JORGENSEN,285,OTHER,OTHER,72,REPUBLICAN,DONALD J TRUMP,13452,
WOOD,2000,DEMOCRAT,AL GORE,22687,REPUBLICAN,GEORGE W. BUSH,27504,GREEN,RALPH NADER,1536,OTHER,OTHER,467,
WOOD,2004,DEMOCRAT,JOHN KERRY,29401,REPUBLICAN,GEORGE W. BUSH,33592,OTHER,OTHER,353,
WOOD,2008,DEMOCRAT,BARACK OBAMA,34285,REPUBLICAN,JOHN MCCAIN,29648,OTHER,OTHER,1090,
WOOD,2012,DEMOCRAT,BARACK OBAMA,32802,REPUBLICAN,MITT ROMNEY,29704,OTHER,OTHER,1442,
WOOD,2016,DEMOCRAT,HILLARY CLINTON,27318,REPUBLICAN,DONALD TRUMP,32498,OTHER,OTHER,4525,
WOOD,2020,DEMOCRAT,JOSEPH R BIDEN JR,30617,LIBERTARIAN,JO JORGENSEN,992,OTHER,OTHER,231,REPUBLICAN,DONALD J TRUMP,35757,
WYANDOT,2000,DEMOCRAT,AL GORE,3397,REPUBLICAN,GEORGE W. BUSH,6113,GREEN,RALPH NADER,191,OTHER,OTHER,126,
WYANDOT,2004,DEMOCRAT,JOHN KERRY,3707,REPUBLICAN,GEORGE W. BUSH,7256,OTHER,OTHER,81,
WYANDOT,2008,DEMOCRAT,BARACK OBAMA,4461,REPUBLICAN,JOHN MCCAIN,6270,OTHER,OTHER,246,
WYANDOT,2012,DEMOCRAT,BARACK OBAMA,4137,REPUBLICAN,MITT ROMNEY,6180,OTHER,OTHER,255,
WYANDOT,2016,DEMOCRAT,HILLARY CLINTON,2515,REPUBLICAN,DONALD TRUMP,7468,OTHER,OTHER,609,
WYANDOT,2020,DEMOCRAT,JOSEPH R BIDEN JR,2733,LIBERTARIAN,JO JORGENSEN,155,OTHER,OTHER,40,REPUBLICAN,DONALD J TRUMP,8462,
