BARBOUR,2000,DEMOCRAT,AL GORE,2503,REPUBLICAN,GEORGE W. BUSH,3411,GREEN,RALPH NADER,89,OTHER,OTHER,48,
BARBOUR,2004,DEMOCRAT,JOHN KERRY,2610,REPUBLICAN,GEORGE W. BUSH,4004,OTHER,OTHER,41,
BARBOUR,2008,DEMOCRAT,BARACK OBAMA,2419,REPUBLICAN,JOHN MCCAIN,3685,OTHER,OTHER,128,
BARBOUR,2012,DEMOCRAT,BARACK OBAMA,1768,REPUBLICAN,MITT ROMNEY,3824,OTHER,OTHER,169,
BARBOUR,2016,DEMOCRAT,HILLARY CLINTON,1222,REPUBLICAN,DONALD TRUMP,4527,OTHER,OTHER,305,
BARBOUR,2020,DEMOCRAT,JOSEPH R BIDEN JR,1457,GREEN,OTHER,23,LIBERTARIAN,JO JORGENSEN,81,REPUBLICAN,DONALD J TRUMP,5116,
BERKELEY,2000,DEMOCRAT,AL GORE,8797,REPUBLICAN,GEORGE W. BUSH,13619,GREEN,RALPH NADER,414,OTHER,OTHER,180,
BERKELEY,2004,DEMOCRAT,JOHN KERRY,12244,REPUBLICAN,GEORGE W. BUSH,21293,OTHER,OTHER,248,
BERKELEY,2008,DEMOCRAT,BARACK OBAMA,15994,REPUBLICAN,JOHN MCCAIN,20841,OTHER,OTHER,457,
BERKELEY,2012,DEMOCRAT,BARACK OBAMA,14275,REPUBLICAN,MITT ROMNEY,22156,OTHER,OTHER,741,
BERKELEY,2016,DEMOCRAT,HILLARY CLINTON,12321,REPUBLICAN,DONALD TRUMP,28244,OTHER,OTHER,2285,
BERKELEY,2020,DEMOCRAT,JOSEPH R BIDEN JR,17186,GREEN,OTHER,181,LIBERTARIAN,JO JORGENSEN,889,REPUBLICAN,DONALD J TRUMP,33279,
BOONE,2000,DEMOCRAT,AL GORE,5656,REPUBLICAN,GEORGE W. BUSH,3353,GREEN,RALPH NADER,84,OTHER,OTHER,48,
BOONE,2004,DEMOCRAT,JOHN KERRY,5933,REPUBLICAN,GEORGE W. BUSH,4207,OTHER,OTHER,58,
BOONE,2008,DEMOCRAT,BARACK OBAMA,4529,REPUBLICAN,JOHN MCCAIN,3632,OTHER,OTHER,209,
BOONE,2012,DEMOCRAT,BARACK OBAMA,2790,REPUBLICAN,MITT ROMNEY,5467,OTHER,OTHER,243,
BOONE,2016,DEMOCRAT,HILLARY CLINTON,1790,REPUBLICAN,DONALD TRUMP,6504,OTHER,OTHER,389,
BOONE,2020,DEMOCRAT,JOSEPH R BIDEN JR,2041,GREEN,OTHER,33,LIBERTARIAN,JO JORGENSEN,122,REPUBLICAN,DONALD J TRUMP,6816,
BRAXTON,2000,DEMOCRAT,AL GORE,2719,REPUBLICAN,GEORGE W. BUSH,2529,GREEN,RALPH NADER,47,OTHER,OTHER,33,
BRAXTON,2004,DEMOCRAT,JOHN KERRY,3035,REPUBLICAN,GEORGE W. BUSH,2986,OTHER,OTHER,30,
BRAXTON,2008,DEMOCRAT,BARACK OBAMA,2704,REPUBLICAN,JOHN MCCAIN,2629,OTHER,OTHER,76,
BRAXTON,2012,DEMOCRAT,BARACK OBAMA,1998,REPUBLICAN,MITT ROMNEY,2725,OTHER,OTHER,81,
BRAXTON,2016,DEMOCRAT,HILLARY CLINTON,1321,REPUBLICAN,DONALD TRUMP,3537,OTHER,OTHER,232,
BRAXTON,2020,DEMOCRAT,JOSEPH R BIDEN JR,1457,GREEN,OTHER,25,LIBERTARIAN,JO JORGENSEN,62,REPUBLICAN,DONALD J TRUMP,4120,
BROOKE,2000,DEMOCRAT,AL GORE,4678,REPUBLICAN,GEORGE W. BUSH,4195,GREEN,RALPH NADER,228,OTHER,OTHER,304,
BROOKE,2004,DEMOCRAT,JOHN KERRY,5493,REPUBLICAN,GEORGE W. BUSH,5189,OTHER,OTHER,91,
BROOKE,2008,DEMOCRAT,BARACK OBAMA,4717,REPUBLICAN,JOHN MCCAIN,4961,OTHER,OTHER,179,
BROOKE,2012,DEMOCRAT,BARACK OBAMA,4005,REPUBLICAN,MITT ROMNEY,5060,OTHER,OTHER,229,
BROOKE,2016,DEMOCRAT,HILLARY CLINTON,2568,REPUBLICAN,DONALD TRUMP,6625,OTHER,OTHER,420,
BROOKE,2020,DEMOCRAT,JOSEPH R BIDEN JR,2947,GREEN,OTHER,26,LIBERTARIAN,JO JORGENSEN,138,REPUBLICAN,DONALD J TRUMP,7545,
CABELL,2000,DEMOCRAT,AL GORE,14896,REPUBLICAN,GEORGE W. BUSH,16440,GREEN,RALPH NADER,605,OTHER,OTHER,275,
CABELL,2004,DEMOCRAT,JOHN KERRY,16583,REPUBLICAN,GEORGE W. BUSH,21035,OTHER,OTHER,332,
CABELL,2008,DEMOCRAT,BARACK OBAMA,15292,REPUBLICAN,JOHN MCCAIN,18793,OTHER,OTHER,507,
CABELL,2012,DEMOCRAT,BARACK OBAMA,13568,REPUBLICAN,MITT ROMNEY,17985,OTHER,OTHER,591,
CABELL,2016,DEMOCRAT,HILLARY CLINTON,11447,REPUBLICAN,DONALD TRUMP,19850,OTHER,OTHER,1788,
CABELL,2020,DEMOCRAT,JOSEPH R BIDEN JR,14994,GREEN,OTHER,118,LIBERTARIAN,JO JORGENSEN,527,REPUBLICAN,DONALD J TRUMP,21721,
CALHOUN,2000,DEMOCRAT,AL GORE,1112,REPUBLICAN,GEORGE W. BUSH,1425,GREEN,RALPH NADER,63,OTHER,OTHER,15,
CALHOUN,2004,DEMOCRAT,JOHN KERRY,1266,REPUBLICAN,GEORGE W. BUSH,1360,OTHER,OTHER,35,
CALHOUN,2008,DEMOCRAT,BARACK OBAMA,993,REPUBLICAN,JOHN MCCAIN,1366,OTHER,OTHER,70,
CALHOUN,2012,DEMOCRAT,BARACK OBAMA,818,REPUBLICAN,MITT ROMNEY,1319,OTHER,OTHER,70,
CALHOUN,2016,DEMOCRAT,HILLARY CLINTON,456,REPUBLICAN,DONALD TRUMP,2035,OTHER,OTHER,126,
CALHOUN,2020,DEMOCRAT,JOSEPH R BIDEN JR,568,GREEN,OTHER,10,LIBERTARIAN,JO JORGENSEN,29,REPUBLICAN,DONALD J TRUMP,2364,
CLAY,2000,DEMOCRAT,AL GORE,1617,REPUBLICAN,GEORGE W. BUSH,1887,GREEN,RALPH NADER,50,OTHER,OTHER,28,
CLAY,2004,DEMOCRAT,JOHN KERRY,1835,REPUBLICAN,GEORGE W. BUSH,2198,OTHER,OTHER,39,
CLAY,2008,DEMOCRAT,BARACK OBAMA,1421,REPUBLICAN,JOHN MCCAIN,1755,OTHER,OTHER,89,
CLAY,2012,DEMOCRAT,BARACK OBAMA,931,REPUBLICAN,MITT ROMNEY,1971,OTHER,OTHER,110,
CLAY,2016,DEMOCRAT,HILLARY CLINTON,568,REPUBLICAN,DONALD TRUMP,2300,OTHER,OTHER,104,
CLAY,2020,DEMOCRAT,JOSEPH R BIDEN JR,641,GREEN,OTHER,8,LIBERTARIAN,JO JORGENSEN,37,REPUBLICAN,DONALD J TRUMP,2679,
DODDRIDGE,2000,DEMOCRAT,AL GORE,773,REPUBLICAN,GEORGE W. BUSH,1955,GREEN,RALPH NADER,68,OTHER,OTHER,20,
DODDRIDGE,2004,DEMOCRAT,JOHN KERRY,800,REPUBLICAN,GEORGE W. BUSH,2362,OTHER,OTHER,17,
DODDRIDGE,2008,DEMOCRAT,BARACK OBAMA,735,REPUBLICAN,JOHN MCCAIN,2218,OTHER,OTHER,65,
DODDRIDGE,2012,DEMOCRAT,BARACK OBAMA,575,REPUBLICAN,MITT ROMNEY,2130,OTHER,OTHER,64,
DODDRIDGE,2016,DEMOCRAT,HILLARY CLINTON,362,REPUBLICAN,DONALD TRUMP,2358,OTHER,OTHER,120,
DODDRIDGE,2020,DEMOCRAT,JOSEPH R BIDEN JR,435,GREEN,OTHER,17,LIBERTARIAN,JO JORGENSEN,30,REPUBLICAN,DONALD J TRUMP,2619,
FAYETTE,2000,DEMOCRAT,AL GORE,8371,REPUBLICAN,GEORGE W. BUSH,5897,GREEN,RALPH NADER,239,OTHER,OTHER,112,
FAYETTE,2004,DEMOCRAT,JOHN KERRY,8971,REPUBLICAN,GEORGE W. BUSH,7881,OTHER,OTHER,115,
FAYETTE,2008,DEMOCRAT,BARACK OBAMA,7242,REPUBLICAN,JOHN MCCAIN,7658,OTHER,OTHER,294,
FAYETTE,2012,DEMOCRAT,BARACK OBAMA,5419,REPUBLICAN,MITT ROMNEY,8350,OTHER,OTHER,301,
FAYETTE,2016,DEMOCRAT,HILLARY CLINTON,4290,REPUBLICAN,DONALD TRUMP,10357,OTHER,OTHER,690,
FAYETTE,2020,DEMOCRAT,JOSEPH R BIDEN JR,5063,GREEN,OTHER,61,LIBERTARIAN,JO JORGENSEN,158,REPUBLICAN,DONALD J TRUMP,11580,
GILMER,2000,DEMOCRAT,AL GORE,1092,REPUBLICAN,GEORGE W. BUSH,1560,GREEN,RALPH NADER,66,OTHER,OTHER,22,
GILMER,2004,DEMOCRAT,JOHN KERRY,1159,REPUBLICAN,GEORGE W. BUSH,1665,OTHER,OTHER,28,
GILMER,2008,DEMOCRAT,BARACK OBAMA,1004,REPUBLICAN,JOHN MCCAIN,1445,OTHER,OTHER,72,
GILMER,2012,DEMOCRAT,BARACK OBAMA,840,REPUBLICAN,MITT ROMNEY,1595,OTHER,OTHER,74,
GILMER,2016,DEMOCRAT,HILLARY CLINTON,545,REPUBLICAN,DONALD TRUMP,1896,OTHER,OTHER,102,
GILMER,2020,DEMOCRAT,JOSEPH R BIDEN JR,599,GREEN,OTHER,12,LIBERTARIAN,JO JORGENSEN,39,REPUBLICAN,DONALD J TRUMP,2012,
GRANT,2000,DEMOCRAT,AL GORE,891,REPUBLICAN,GEORGE W. BUSH,3571,GREEN,RALPH NADER,39,OTHER,OTHER,33,
GRANT,2004,DEMOCRAT,JOHN KERRY,963,REPUBLICAN,GEORGE W. BUSH,4063,OTHER,OTHER,21,
GRANT,2008,DEMOCRAT,BARACK OBAMA,997,REPUBLICAN,JOHN MCCAIN,3166,OTHER,OTHER,55,
GRANT,2012,DEMOCRAT,BARACK OBAMA,718,REPUBLICAN,MITT ROMNEY,3783,OTHER,OTHER,85,
GRANT,2016,DEMOCRAT,HILLARY CLINTON,512,REPUBLICAN,DONALD TRUMP,4346,OTHER,OTHER,98,
GRANT,2020,DEMOCRAT,JOSEPH R BIDEN JR,607,GREEN,OTHER,11,LIBERTARIAN,JO JORGENSEN,20,REPUBLICAN,DONALD J TRUMP,4871,
GREENBRIER,2000,DEMOCRAT,AL GORE,5627,REPUBLICAN,GEORGE W. BUSH,6866,GREEN,RALPH NADER,235,OTHER,OTHER,80,
GREENBRIER,2004,DEMOCRAT,JOHN KERRY,6084,REPUBLICAN,GEORGE W. BUSH,8358,OTHER,OTHER,111,
GREENBRIER,2008,DEMOCRAT,BARACK OBAMA,5881,REPUBLICAN,JOHN MCCAIN,7567,OTHER,OTHER,284,
GREENBRIER,2012,DEMOCRAT,BARACK OBAMA,4710,REPUBLICAN,MITT ROMNEY,7930,OTHER,OTHER,323,
GREENBRIER,2016,DEMOCRAT,HILLARY CLINTON,3765,REPUBLICAN,DONALD TRUMP,9556,OTHER,OTHER,745,
GREENBRIER,2020,DEMOCRAT,JOSEPH R BIDEN JR,4655,GREEN,OTHER,60,LIBERTARIAN,JO JORGENSEN,210,REPUBLICAN,DONALD J TRUMP,10925,
HAMPSHIRE,2000,DEMOCRAT,AL GORE,2069,REPUBLICAN,GEORGE W. BUSH,3879,GREEN,RALPH NADER,97,OTHER,OTHER,52,
HAMPSHIRE,2004,DEMOCRAT,JOHN KERRY,2455,REPUBLICAN,GEORGE W. BUSH,5489,OTHER,OTHER,52,
HAMPSHIRE,2008,DEMOCRAT,BARACK OBAMA,2983,REPUBLICAN,JOHN MCCAIN,5222,OTHER,OTHER,142,
HAMPSHIRE,2012,DEMOCRAT,BARACK OBAMA,2299,REPUBLICAN,MITT ROMNEY,5523,OTHER,OTHER,164,
HAMPSHIRE,2016,DEMOCRAT,HILLARY CLINTON,1580,REPUBLICAN,DONALD TRUMP,6692,OTHER,OTHER,336,
HAMPSHIRE,2020,DEMOCRAT,JOSEPH R BIDEN JR,1939,GREEN,OTHER,21,LIBERTARIAN,JO JORGENSEN,93,REPUBLICAN,DONALD J TRUMP,8033,
HANCOCK,2000,DEMOCRAT,AL GORE,6249,REPUBLICAN,GEORGE W. BUSH,6458,GREEN,RALPH NADER,329,OTHER,OTHER,436,
HANCOCK,2004,DEMOCRAT,JOHN KERRY,6906,REPUBLICAN,GEORGE W. BUSH,7298,OTHER,OTHER,117,
HANCOCK,2008,DEMOCRAT,BARACK OBAMA,5504,REPUBLICAN,JOHN MCCAIN,7518,OTHER,OTHER,198,
HANCOCK,2012,DEMOCRAT,BARACK OBAMA,4627,REPUBLICAN,MITT ROMNEY,7226,OTHER,OTHER,265,
HANCOCK,2016,DEMOCRAT,HILLARY CLINTON,3262,REPUBLICAN,DONALD TRUMP,8909,OTHER,OTHER,531,
HANCOCK,2020,DEMOCRAT,JOSEPH R BIDEN JR,3790,GREEN,OTHER,43,LIBERTARIAN,JO JORGENSEN,161,REPUBLICAN,DONALD J TRUMP,9806,
HARDY,2000,DEMOCRAT,AL GORE,1621,REPUBLICAN,GEORGE W. BUSH,2816,GREEN,RALPH NADER,44,OTHER,OTHER,33,
HARDY,2004,DEMOCRAT,JOHN KERRY,1617,REPUBLICAN,GEORGE W. BUSH,3635,OTHER,OTHER,24,
HARDY,2008,DEMOCRAT,BARACK OBAMA,1901,REPUBLICAN,JOHN MCCAIN,3376,OTHER,OTHER,130,
HARDY,2012,DEMOCRAT,BARACK OBAMA,1482,REPUBLICAN,MITT ROMNEY,3536,OTHER,OTHER,150,
HARDY,2016,DEMOCRAT,HILLARY CLINTON,1155,REPUBLICAN,DONALD TRUMP,4274,OTHER,OTHER,214,
HARDY,2020,DEMOCRAT,JOSEPH R BIDEN JR,1381,GREEN,OTHER,19,LIBERTARIAN,JO JORGENSEN,72,REPUBLICAN,DONALD J TRUMP,4859,
HARRISON,2000,DEMOCRAT,AL GORE,13009,REPUBLICAN,GEORGE W. BUSH,12948,GREEN,RALPH NADER,427,OTHER,OTHER,194,
HARRISON,2004,DEMOCRAT,JOHN KERRY,13238,REPUBLICAN,GEORGE W. BUSH,17111,OTHER,OTHER,239,
HARRISON,2008,DEMOCRAT,BARACK OBAMA,13582,REPUBLICAN,JOHN MCCAIN,17824,OTHER,OTHER,466,
HARRISON,2012,DEMOCRAT,BARACK OBAMA,9732,REPUBLICAN,MITT ROMNEY,15876,OTHER,OTHER,539,
HARRISON,2016,DEMOCRAT,HILLARY CLINTON,7694,REPUBLICAN,DONALD TRUMP,18750,OTHER,OTHER,1516,
HARRISON,2020,DEMOCRAT,JOSEPH R BIDEN JR,9215,GREEN,OTHER,106,LIBERTARIAN,JO JORGENSEN,461,REPUBLICAN,DONALD J TRUMP,20683,
JACKSON,2000,DEMOCRAT,AL GORE,4937,REPUBLICAN,GEORGE W. BUSH,6341,GREEN,RALPH NADER,166,OTHER,OTHER,74,
JACKSON,2004,DEMOCRAT,JOHN KERRY,5384,REPUBLICAN,GEORGE W. BUSH,7686,OTHER,OTHER,88,
JACKSON,2008,DEMOCRAT,BARACK OBAMA,4861,REPUBLICAN,JOHN MCCAIN,7148,OTHER,OTHER,227,
JACKSON,2012,DEMOCRAT,BARACK OBAMA,3854,REPUBLICAN,MITT ROMNEY,7408,OTHER,OTHER,282,
JACKSON,2016,DEMOCRAT,HILLARY CLINTON,2663,REPUBLICAN,DONALD TRUMP,9020,OTHER,OTHER,504,
JACKSON,2020,DEMOCRAT,JOSEPH R BIDEN JR,3207,GREEN,OTHER,37,LIBERTARIAN,JO JORGENSEN,171,REPUBLICAN,DONALD J TRUMP,10093,
JEFFERSON,2000,DEMOCRAT,AL GORE,6860,REPUBLICAN,GEORGE W. BUSH,7045,GREEN,RALPH NADER,359,OTHER,OTHER,114,
JEFFERSON,2004,DEMOCRAT,JOHN KERRY,9301,REPUBLICAN,GEORGE W. BUSH,10539,OTHER,OTHER,153,
JEFFERSON,2008,DEMOCRAT,BARACK OBAMA,11687,REPUBLICAN,JOHN MCCAIN,10600,OTHER,OTHER,258,
JEFFERSON,2012,DEMOCRAT,BARACK OBAMA,10398,REPUBLICAN,MITT ROMNEY,11258,OTHER,OTHER,482,
JEFFERSON,2016,DEMOCRAT,HILLARY CLINTON,9518,REPUBLICAN,DONALD TRUMP,13204,OTHER,OTHER,1425,
JEFFERSON,2020,DEMOCRAT,JOSEPH R BIDEN JR,12127,GREEN,OTHER,119,LIBERTARIAN,JO JORGENSEN,424,REPUBLICAN,DONALD J TRUMP,15033,
KANAWHA,2000,DEMOCRAT,AL GORE,38524,REPUBLICAN,GEORGE W. BUSH,36809,GREEN,RALPH NADER,948,OTHER,OTHER,389,
KANAWHA,2004,DEMOCRAT,JOHN KERRY,43010,REPUBLICAN,GEORGE W. BUSH,44430,OTHER,OTHER,488,
KANAWHA,2008,DEMOCRAT,BARACK OBAMA,40594,REPUBLICAN,JOHN MCCAIN,40952,OTHER,OTHER,938,
KANAWHA,2012,DEMOCRAT,BARACK OBAMA,32480,REPUBLICAN,MITT ROMNEY,41364,OTHER,OTHER,1233,
KANAWHA,2016,DEMOCRAT,HILLARY CLINTON,28263,REPUBLICAN,DONALD TRUMP,43850,OTHER,OTHER,3577,
KANAWHA,2020,DEMOCRAT,JOSEPH R BIDEN JR,34344,GREEN,OTHER,278,LIBERTARIAN,JO JORGENSEN,1224,REPUBLICAN,DONALD J TRUMP,46398,
LEWIS,2000,DEMOCRAT,AL GORE,2355,REPUBLICAN,GEORGE W. BUSH,3606,GREEN,RALPH NADER,114,OTHER,OTHER,59,
LEWIS,2004,DEMOCRAT,JOHN KERRY,2475,REPUBLICAN,GEORGE W. BUSH,4445,OTHER,OTHER,79,
LEWIS,2008,DEMOCRAT,BARACK OBAMA,2109,REPUBLICAN,JOHN MCCAIN,4335,OTHER,OTHER,162,
LEWIS,2012,DEMOCRAT,BARACK OBAMA,1736,REPUBLICAN,MITT ROMNEY,4375,OTHER,OTHER,176,
LEWIS,2016,DEMOCRAT,HILLARY CLINTON,1347,REPUBLICAN,DONALD TRUMP,5274,OTHER,OTHER,307,
LEWIS,2020,DEMOCRAT,JOSEPH R BIDEN JR,1538,GREEN,OTHER,21,LIBERTARIAN,JO JORGENSEN,116,REPUBLICAN,DONALD J TRUMP,5782,
LINCOLN,2000,DEMOCRAT,AL GORE,3939,REPUBLICAN,GEORGE W. BUSH,3389,GREEN,RALPH NADER,84,OTHER,OTHER,52,
LINCOLN,2004,DEMOCRAT,JOHN KERRY,4048,REPUBLICAN,GEORGE W. BUSH,4102,OTHER,OTHER,162,
LINCOLN,2008,DEMOCRAT,BARACK OBAMA,3029,REPUBLICAN,JOHN MCCAIN,3637,OTHER,OTHER,169,
LINCOLN,2012,DEMOCRAT,BARACK OBAMA,2227,REPUBLICAN,MITT ROMNEY,4383,OTHER,OTHER,208,
LINCOLN,2016,DEMOCRAT,HILLARY CLINTON,1459,REPUBLICAN,DONALD TRUMP,5307,OTHER,OTHER,300,
LINCOLN,2020,DEMOCRAT,JOSEPH R BIDEN JR,1711,GREEN,OTHER,22,LIBERTARIAN,JO JORGENSEN,85,REPUBLICAN,DONALD J TRUMP,6012,
LOGAN,2000,DEMOCRAT,AL GORE,8927,REPUBLICAN,GEORGE W. BUSH,5334,GREEN,RALPH NADER,88,OTHER,OTHER,90,
LOGAN,2004,DEMOCRAT,JOHN KERRY,7877,REPUBLICAN,GEORGE W. BUSH,7047,OTHER,OTHER,63,
LOGAN,2008,DEMOCRAT,BARACK OBAMA,5873,REPUBLICAN,JOHN MCCAIN,7326,OTHER,OTHER,266,
LOGAN,2012,DEMOCRAT,BARACK OBAMA,3469,REPUBLICAN,MITT ROMNEY,8222,OTHER,OTHER,255,
LOGAN,2016,DEMOCRAT,HILLARY CLINTON,2092,REPUBLICAN,DONALD TRUMP,9897,OTHER,OTHER,370,
LOGAN,2020,DEMOCRAT,JOSEPH R BIDEN JR,2333,GREEN,OTHER,25,LIBERTARIAN,JO JORGENSEN,134,REPUBLICAN,DONALD J TRUMP,10534,
MCDOWELL,2000,DEMOCRAT,AL GORE,4845,REPUBLICAN,GEORGE W. BUSH,2348,GREEN,RALPH NADER,67,OTHER,OTHER,43,
MCDOWELL,2004,DEMOCRAT,JOHN KERRY,4501,REPUBLICAN,GEORGE W. BUSH,2762,OTHER,OTHER,36,
MCDOWELL,2008,DEMOCRAT,BARACK OBAMA,3430,REPUBLICAN,JOHN MCCAIN,2882,OTHER,OTHER,118,
MCDOWELL,2012,DEMOCRAT,BARACK OBAMA,2109,REPUBLICAN,MITT ROMNEY,3959,OTHER,OTHER,120,
MCDOWELL,2016,DEMOCRAT,HILLARY CLINTON,1438,REPUBLICAN,DONALD TRUMP,4629,OTHER,OTHER,136,
MCDOWELL,2020,DEMOCRAT,JOSEPH R BIDEN JR,1333,GREEN,OTHER,17,LIBERTARIAN,JO JORGENSEN,29,REPUBLICAN,DONALD J TRUMP,5148,
MARION,2000,DEMOCRAT,AL GORE,12315,REPUBLICAN,GEORGE W. BUSH,9972,GREEN,RALPH NADER,418,OTHER,OTHER,168,
MARION,2004,DEMOCRAT,JOHN KERRY,12771,REPUBLICAN,GEORGE W. BUSH,12150,OTHER,OTHER,273,
MARION,2008,DEMOCRAT,BARACK OBAMA,11618,REPUBLICAN,JOHN MCCAIN,11501,OTHER,OTHER,488,
MARION,2012,DEMOCRAT,BARACK OBAMA,8959,REPUBLICAN,MITT ROMNEY,12054,OTHER,OTHER,529,
MARION,2016,DEMOCRAT,HILLARY CLINTON,6964,REPUBLICAN,DONALD TRUMP,14668,OTHER,OTHER,1397,
MARION,2020,DEMOCRAT,JOSEPH R BIDEN JR,8901,GREEN,OTHER,111,LIBERTARIAN,JO JORGENSEN,482,REPUBLICAN,DONALD J TRUMP,16300,
MARSHALL,2000,DEMOCRAT,AL GORE,6000,REPUBLICAN,GEORGE W. BUSH,6859,GREEN,RALPH NADER,316,OTHER,OTHER,323,
MARSHALL,2004,DEMOCRAT,JOHN KERRY,6435,REPUBLICAN,GEORGE W. BUSH,8516,OTHER,OTHER,121,
MARSHALL,2008,DEMOCRAT,BARACK OBAMA,5996,REPUBLICAN,JOHN MCCAIN,7759,OTHER,OTHER,246,
MARSHALL,2012,DEMOCRAT,BARACK OBAMA,4484,REPUBLICAN,MITT ROMNEY,8135,OTHER,OTHER,297,
MARSHALL,2016,DEMOCRAT,HILLARY CLINTON,2918,REPUBLICAN,DONALD TRUMP,9666,OTHER,OTHER,632,
MARSHALL,2020,DEMOCRAT,JOSEPH R BIDEN JR,3455,GREEN,OTHER,47,LIBERTARIAN,JO JORGENSEN,143,REPUBLICAN,DONALD J TRUMP,10435,
MASON,2000,DEMOCRAT,AL GORE,4963,REPUBLICAN,GEORGE W. BUSH,5972,GREEN,RALPH NADER,195,OTHER,OTHER,93,
MASON,2004,DEMOCRAT,JOHN KERRY,5408,REPUBLICAN,GEORGE W. BUSH,6487,OTHER,OTHER,95,
MASON,2008,DEMOCRAT,BARACK OBAMA,4484,REPUBLICAN,JOHN MCCAIN,5853,OTHER,OTHER,266,
MASON,2012,DEMOCRAT,BARACK OBAMA,3778,REPUBLICAN,MITT ROMNEY,5741,OTHER,OTHER,270,
MASON,2016,DEMOCRAT,HILLARY CLINTON,2081,REPUBLICAN,DONALD TRUMP,7654,OTHER,OTHER,451,
MASON,2020,DEMOCRAT,JOSEPH R BIDEN JR,2526,GREEN,OTHER,36,LIBERTARIAN,JO JORGENSEN,150,REPUBLICAN,DONALD J TRUMP,8491,
MERCER,2000,DEMOCRAT,AL GORE,8347,REPUBLICAN,GEORGE W. BUSH,10206,GREEN,RALPH NADER,227,OTHER,OTHER,95,
MERCER,2004,DEMOCRAT,JOHN KERRY,9178,REPUBLICAN,GEORGE W. BUSH,13057,OTHER,OTHER,144,
MERCER,2008,DEMOCRAT,BARACK OBAMA,7450,REPUBLICAN,JOHN MCCAIN,13246,OTHER,OTHER,326,
MERCER,2012,DEMOCRAT,BARACK OBAMA,5432,REPUBLICAN,MITT ROMNEY,15450,OTHER,OTHER,394,
MERCER,2016,DEMOCRAT,HILLARY CLINTON,4704,REPUBLICAN,DONALD TRUMP,17404,OTHER,OTHER,874,
MERCER,2020,DEMOCRAT,JOSEPH R BIDEN JR,5556,GREEN,OTHER,74,LIBERTARIAN,JO JORGENSEN,267,REPUBLICAN,DONALD J TRUMP,19237,
MINERAL,2000,DEMOCRAT,AL GORE,3341,REPUBLICAN,GEORGE W. BUSH,6180,GREEN,RALPH NADER,186,OTHER,OTHER,75,
MINERAL,2004,DEMOCRAT,JOHN KERRY,3518,REPUBLICAN,GEORGE W. BUSH,7854,OTHER,OTHER,89,
MINERAL,2008,DEMOCRAT,BARACK OBAMA,3750,REPUBLICAN,JOHN MCCAIN,7616,OTHER,OTHER,181,
MINERAL,2012,DEMOCRAT,BARACK OBAMA,2885,REPUBLICAN,MITT ROMNEY,7833,OTHER,OTHER,261,
MINERAL,2016,DEMOCRAT,HILLARY CLINTON,2050,REPUBLICAN,DONALD TRUMP,9070,OTHER,OTHER,444,
MINERAL,2020,DEMOCRAT,JOSEPH R BIDEN JR,2660,GREEN,OTHER,24,LIBERTARIAN,JO JORGENSEN,148,REPUBLICAN,DONALD J TRUMP,10040,
MINGO,2000,DEMOCRAT,AL GORE,6049,REPUBLICAN,GEORGE W. BUSH,3866,GREEN,RALPH NADER,74,OTHER,OTHER,54,
MINGO,2004,DEMOCRAT,JOHN KERRY,5983,REPUBLICAN,GEORGE W. BUSH,4612,OTHER,OTHER,60,
MINGO,2008,DEMOCRAT,BARACK OBAMA,3582,REPUBLICAN,JOHN MCCAIN,4587,OTHER,OTHER,169,
MINGO,2012,DEMOCRAT,BARACK OBAMA,2428,REPUBLICAN,MITT ROMNEY,6191,OTHER,OTHER,211,
MINGO,2016,DEMOCRAT,HILLARY CLINTON,1370,REPUBLICAN,DONALD TRUMP,7911,OTHER,OTHER,229,
MINGO,2020,DEMOCRAT,JOSEPH R BIDEN JR,1397,GREEN,OTHER,23,LIBERTARIAN,JO JORGENSEN,58,REPUBLICAN,DONALD J TRUMP,8544,
MONONGALIA,2000,DEMOCRAT,AL GORE,12603,REPUBLICAN,GEORGE W. BUSH,13595,GREEN,RALPH NADER,942,OTHER,OTHER,227,
MONONGALIA,2004,DEMOCRAT,JOHN KERRY,16313,REPUBLICAN,GEORGE W. BUSH,17670,OTHER,OTHER,323,
MONONGALIA,2008,DEMOCRAT,BARACK OBAMA,17060,REPUBLICAN,JOHN MCCAIN,15775,OTHER,OTHER,544,
MONONGALIA,2012,DEMOCRAT,BARACK OBAMA,13826,REPUBLICAN,MITT ROMNEY,16831,OTHER,OTHER,818,
MONONGALIA,2016,DEMOCRAT,HILLARY CLINTON,14699,REPUBLICAN,DONALD TRUMP,18432,OTHER,OTHER,2917,
MONONGALIA,2020,DEMOCRAT,JOSEPH R BIDEN JR,20282,GREEN,OTHER,191,LIBERTARIAN,JO JORGENSEN,796,REPUBLICAN,DONALD J TRUMP,20803,
MONROE,2000,DEMOCRAT,AL GORE,2094,REPUBLICAN,GEORGE W. BUSH,2940,GREEN,RALPH NADER,78,OTHER,OTHER,27,
MONROE,2004,DEMOCRAT,JOHN KERRY,2311,REPUBLICAN,GEORGE W. BUSH,3590,OTHER,OTHER,50,
MONROE,2008,DEMOCRAT,BARACK OBAMA,2014,REPUBLICAN,JOHN MCCAIN,3397,OTHER,OTHER,164,
MONROE,2012,DEMOCRAT,BARACK OBAMA,1455,REPUBLICAN,MITT ROMNEY,3616,OTHER,OTHER,141,
MONROE,2016,DEMOCRAT,HILLARY CLINTON,1111,REPUBLICAN,DONALD TRUMP,4443,OTHER,OTHER,251,
MONROE,2020,DEMOCRAT,JOSEPH R BIDEN JR,1345,GREEN,OTHER,13,LIBERTARIAN,JO JORGENSEN,64,REPUBLICAN,DONALD J TRUMP,5068,
MORGAN,2000,DEMOCRAT,AL GORE,1939,REPUBLICAN,GEORGE W. BUSH,3639,GREEN,RALPH NADER,148,OTHER,OTHER,46,
MORGAN,2004,DEMOCRAT,JOHN KERRY,2272,REPUBLICAN,GEORGE W. BUSH,4511,OTHER,OTHER,64,
MORGAN,2008,DEMOCRAT,BARACK OBAMA,2721,REPUBLICAN,JOHN MCCAIN,4428,OTHER,OTHER,127,
MORGAN,2012,DEMOCRAT,BARACK OBAMA,2363,REPUBLICAN,MITT ROMNEY,4513,OTHER,OTHER,168,
MORGAN,2016,DEMOCRAT,HILLARY CLINTON,1573,REPUBLICAN,DONALD TRUMP,5732,OTHER,OTHER,349,
MORGAN,2020,DEMOCRAT,JOSEPH R BIDEN JR,1998,GREEN,OTHER,39,LIBERTARIAN,JO JORGENSEN,121,REPUBLICAN,DONALD J TRUMP,6537,
NICHOLAS,2000,DEMOCRAT,AL GORE,4059,REPUBLICAN,GEORGE W. BUSH,4359,GREEN,RALPH NADER,111,OTHER,OTHER,50,
NICHOLAS,2004,DEMOCRAT,JOHN KERRY,4788,REPUBLICAN,GEORGE W. BUSH,5485,OTHER,OTHER,78,
NICHOLAS,2008,DEMOCRAT,BARACK OBAMA,4357,REPUBLICAN,JOHN MCCAIN,4804,OTHER,OTHER,200,
NICHOLAS,2012,DEMOCRAT,BARACK OBAMA,2664,REPUBLICAN,MITT ROMNEY,5898,OTHER,OTHER,223,
NICHOLAS,2016,DEMOCRAT,HILLARY CLINTON,1840,REPUBLICAN,DONALD TRUMP,7251,OTHER,OTHER,400,
NICHOLAS,2020,DEMOCRAT,JOSEPH R BIDEN JR,2226,GREEN,OTHER,20,LIBERTARIAN,JO JORGENSEN,105,REPUBLICAN,DONALD J TRUMP,8279,
OHIO,2000,DEMOCRAT,AL GORE,7653,REPUBLICAN,GEORGE W. BUSH,9607,GREEN,RALPH NADER,390,OTHER,OTHER,314,
OHIO,2004,DEMOCRAT,JOHN KERRY,8543,REPUBLICAN,GEORGE W. BUSH,11694,OTHER,OTHER,155,
OHIO,2008,DEMOCRAT,BARACK OBAMA,8593,REPUBLICAN,JOHN MCCAIN,10694,OTHER,OTHER,253,
OHIO,2012,DEMOCRAT,BARACK OBAMA,6786,REPUBLICAN,MITT ROMNEY,10768,OTHER,OTHER,357,
OHIO,2016,DEMOCRAT,HILLARY CLINTON,5493,REPUBLICAN,DONALD TRUMP,11139,OTHER,OTHER,1306,
OHIO,2020,DEMOCRAT,JOSEPH R BIDEN JR,7223,GREEN,OTHER,62,LIBERTARIAN,JO JORGENSEN,259,REPUBLICAN,DONALD J TRUMP,12354,
PENDLETON,2000,DEMOCRAT,AL GORE,1172,REPUBLICAN,GEORGE W. BUSH,1996,GREEN,RALPH NADER,37,OTHER,OTHER,16,
PENDLETON,2004,DEMOCRAT,JOHN KERRY,1381,REPUBLICAN,GEORGE W. BUSH,2146,OTHER,OTHER,17,
PENDLETON,2008,DEMOCRAT,BARACK OBAMA,1310,REPUBLICAN,JOHN MCCAIN,2035,OTHER,OTHER,50,
PENDLETON,2012,DEMOCRAT,BARACK OBAMA,1074,REPUBLICAN,MITT ROMNEY,2095,OTHER,OTHER,70,
PENDLETON,2016,DEMOCRAT,HILLARY CLINTON,729,REPUBLICAN,DONALD TRUMP,2398,OTHER,OTHER,98,
PENDLETON,2020,DEMOCRAT,JOSEPH R BIDEN JR,820,GREEN,OTHER,6,LIBERTARIAN,JO JORGENSEN,51,REPUBLICAN,DONALD J TRUMP,2782,
PLEASANTS,2000,DEMOCRAT,AL GORE,1267,REPUBLICAN,GEORGE W. BUSH,1884,GREEN,RALPH NADER,26,OTHER,OTHER,31,
PLEASANTS,2004,DEMOCRAT,JOHN KERRY,1349,REPUBLICAN,GEORGE W. BUSH,2061,OTHER,OTHER,25,
PLEASANTS,2008,DEMOCRAT,BARACK OBAMA,1142,REPUBLICAN,JOHN MCCAIN,1772,OTHER,OTHER,61,
PLEASANTS,2012,DEMOCRAT,BARACK OBAMA,955,REPUBLICAN,MITT ROMNEY,1825,OTHER,OTHER,60,
PLEASANTS,2016,DEMOCRAT,HILLARY CLINTON,621,REPUBLICAN,DONALD TRUMP,2358,OTHER,OTHER,171,
PLEASANTS,2020,DEMOCRAT,JOSEPH R BIDEN JR,699,GREEN,OTHER,15,LIBERTARIAN,JO JORGENSEN,35,REPUBLICAN,DONALD J TRUMP,2742,
POCAHONTAS,2000,DEMOCRAT,AL GORE,1392,REPUBLICAN,GEORGE W. BUSH,1970,GREEN,RALPH NADER,69,OTHER,OTHER,36,
POCAHONTAS,2004,DEMOCRAT,JOHN KERRY,1573,REPUBLICAN,GEORGE W. BUSH,2295,OTHER,OTHER,50,
POCAHONTAS,2008,DEMOCRAT,BARACK OBAMA,1548,REPUBLICAN,JOHN MCCAIN,2011,OTHER,OTHER,83,
POCAHONTAS,2012,DEMOCRAT,BARACK OBAMA,1303,REPUBLICAN,MITT ROMNEY,2182,OTHER,OTHER,91,
POCAHONTAS,2016,DEMOCRAT,HILLARY CLINTON,928,REPUBLICAN,DONALD TRUMP,2496,OTHER,OTHER,222,
POCAHONTAS,2020,DEMOCRAT,JOSEPH R BIDEN JR,1047,GREEN,OTHER,22,LIBERTARIAN,JO JORGENSEN,44,REPUBLICAN,DONALD J TRUMP,2895,
PRESTON,2000,DEMOCRAT,AL GORE,3515,REPUBLICAN,GEORGE W. BUSH,6607,GREEN,RALPH NADER,209,OTHER,OTHER,108,
PRESTON,2004,DEMOCRAT,JOHN KERRY,3963,REPUBLICAN,GEORGE W. BUSH,7855,OTHER,OTHER,111,
PRESTON,2008,DEMOCRAT,BARACK OBAMA,4205,REPUBLICAN,JOHN MCCAIN,7325,OTHER,OTHER,266,
PRESTON,2012,DEMOCRAT,BARACK OBAMA,2931,REPUBLICAN,MITT ROMNEY,7889,OTHER,OTHER,335,
PRESTON,2016,DEMOCRAT,HILLARY CLINTON,2470,REPUBLICAN,DONALD TRUMP,9538,OTHER,OTHER,651,
PRESTON,2020,DEMOCRAT,JOSEPH R BIDEN JR,3163,GREEN,OTHER,52,LIBERTARIAN,JO JORGENSEN,167,REPUBLICAN,DONALD J TRUMP,11190,
PUTNAM,2000,DEMOCRAT,AL GORE,7891,REPUBLICAN,GEORGE W. BUSH,12173,GREEN,RALPH NADER,251,OTHER,OTHER,111,
PUTNAM,2004,DEMOCRAT,JOHN KERRY,9301,REPUBLICAN,GEORGE W. BUSH,15716,OTHER,OTHER,134,
PUTNAM,2008,DEMOCRAT,BARACK OBAMA,9334,REPUBLICAN,JOHN MCCAIN,15162,OTHER,OTHER,284,
PUTNAM,2012,DEMOCRAT,BARACK OBAMA,7256,REPUBLICAN,MITT ROMNEY,16032,OTHER,OTHER,385,
PUTNAM,2016,DEMOCRAT,HILLARY CLINTON,5884,REPUBLICAN,DONALD TRUMP,17788,OTHER,OTHER,1221,
PUTNAM,2020,DEMOCRAT,JOSEPH R BIDEN JR,7878,GREEN,OTHER,91,LIBERTARIAN,JO JORGENSEN,498,REPUBLICAN,DONALD J TRUMP,20034,
RALEIGH,2000,DEMOCRAT,AL GORE,11047,REPUBLICAN,GEORGE W. BUSH,12587,GREEN,RALPH NADER,299,OTHER,OTHER,128,
RALEIGH,2004,DEMOCRAT,JOHN KERRY,11815,REPUBLICAN,GEORGE W. BUSH,18519,OTHER,OTHER,191,
RALEIGH,2008,DEMOCRAT,BARACK OBAMA,10237,REPUBLICAN,JOHN MCCAIN,17548,OTHER,OTHER,474,
RALEIGH,2012,DEMOCRAT,BARACK OBAMA,7739,REPUBLICAN,MITT ROMNEY,20614,OTHER,OTHER,476,
RALEIGH,2016,DEMOCRAT,HILLARY CLINTON,6443,REPUBLICAN,DONALD TRUMP,22048,OTHER,OTHER,1127,
RALEIGH,2020,DEMOCRAT,JOSEPH R BIDEN JR,7982,GREEN,OTHER,95,LIBERTARIAN,JO JORGENSEN,356,REPUBLICAN,DONALD J TRUMP,24673,
RANDOLPH,2000,DEMOCRAT,AL GORE,4028,REPUBLICAN,GEORGE W. BUSH,5248,GREEN,RALPH NADER,199,OTHER,OTHER,67,
RANDOLPH,2004,DEMOCRAT,JOHN KERRY,4892,REPUBLICAN,GEORGE W. BUSH,6512,OTHER,OTHER,86,
RANDOLPH,2008,DEMOCRAT,BARACK OBAMA,4539,REPUBLICAN,JOHN MCCAIN,6060,OTHER,OTHER,234,
RANDOLPH,2012,DEMOCRAT,BARACK OBAMA,3342,REPUBLICAN,MITT ROMNEY,6160,OTHER,OTHER,254,
RANDOLPH,2016,DEMOCRAT,HILLARY CLINTON,2735,REPUBLICAN,DONALD TRUMP,7629,OTHER,OTHER,512,
RANDOLPH,2020,DEMOCRAT,JOSEPH R BIDEN JR,3362,GREEN,OTHER,40,LIBERTARIAN,JO JORGENSEN,125,REPUBLICAN,DONALD J TRUMP,8673,
RITCHIE,2000,DEMOCRAT,AL GORE,1024,REPUBLICAN,GEORGE W. BUSH,2717,GREEN,RALPH NADER,47,OTHER,OTHER,24,
RITCHIE,2004,DEMOCRAT,JOHN KERRY,1070,REPUBLICAN,GEORGE W. BUSH,3086,OTHER,OTHER,40,
RITCHIE,2008,DEMOCRAT,BARACK OBAMA,998,REPUBLICAN,JOHN MCCAIN,2781,OTHER,OTHER,67,
RITCHIE,2012,DEMOCRAT,BARACK OBAMA,768,REPUBLICAN,MITT ROMNEY,2921,OTHER,OTHER,99,
RITCHIE,2016,DEMOCRAT,HILLARY CLINTON,496,REPUBLICAN,DONALD TRUMP,3405,OTHER,OTHER,174,
RITCHIE,2020,DEMOCRAT,JOSEPH R BIDEN JR,586,GREEN,OTHER,10,LIBERTARIAN,JO JORGENSEN,38,REPUBLICAN,DONALD J TRUMP,3649,
ROANE,2000,DEMOCRAT,AL GORE,2332,REPUBLICAN,GEORGE W. BUSH,3172,GREEN,RALPH NADER,95,OTHER,OTHER,26,
ROANE,2004,DEMOCRAT,JOHN KERRY,2612,REPUBLICAN,GEORGE W. BUSH,3440,OTHER,OTHER,48,
ROANE,2008,DEMOCRAT,BARACK OBAMA,2511,REPUBLICAN,JOHN MCCAIN,2943,OTHER,OTHER,109,
ROANE,2012,DEMOCRAT,BARACK OBAMA,1939,REPUBLICAN,MITT ROMNEY,2982,OTHER,OTHER,126,
ROANE,2016,DEMOCRAT,HILLARY CLINTON,1222,REPUBLICAN,DONALD TRUMP,3781,OTHER,OTHER,244,
ROANE,2020,DEMOCRAT,JOSEPH R BIDEN JR,1455,GREEN,OTHER,26,LIBERTARIAN,JO JORGENSEN,69,REPUBLICAN,DONALD J TRUMP,4213,
SUMMERS,2000,DEMOCRAT,AL GORE,2299,REPUBLICAN,GEORGE W. BUSH,2304,GREEN,RALPH NADER,81,OTHER,OTHER,29,
SUMMERS,2004,DEMOCRAT,JOHN KERRY,2504,REPUBLICAN,GEORGE W. BUSH,2978,OTHER,OTHER,42,
SUMMERS,2008,DEMOCRAT,BARACK OBAMA,2290,REPUBLICAN,JOHN MCCAIN,2891,OTHER,OTHER,135,
SUMMERS,2012,DEMOCRAT,BARACK OBAMA,1621,REPUBLICAN,MITT ROMNEY,2981,OTHER,OTHER,133,
SUMMERS,2016,DEMOCRAT,HILLARY CLINTON,1190,REPUBLICAN,DONALD TRUMP,3455,OTHER,OTHER,217,
SUMMERS,2020,DEMOCRAT,JOSEPH R BIDEN JR,1448,GREEN,OTHER,11,LIBERTARIAN,JO JORGENSEN,52,REPUBLICAN,DONALD J TRUMP,4074,
TAYLOR,2000,DEMOCRAT,AL GORE,2473,REPUBLICAN,GEORGE W. BUSH,3124,GREEN,RALPH NADER,82,OTHER,OTHER,33,
TAYLOR,2004,DEMOCRAT,JOHN KERRY,2617,REPUBLICAN,GEORGE W. BUSH,3893,OTHER,OTHER,41,
TAYLOR,2008,DEMOCRAT,BARACK OBAMA,2462,REPUBLICAN,JOHN MCCAIN,3605,OTHER,OTHER,136,
TAYLOR,2012,DEMOCRAT,BARACK OBAMA,1941,REPUBLICAN,MITT ROMNEY,3840,OTHER,OTHER,127,
TAYLOR,2016,DEMOCRAT,HILLARY CLINTON,1491,REPUBLICAN,DONALD TRUMP,4733,OTHER,OTHER,314,
TAYLOR,2020,DEMOCRAT,JOSEPH R BIDEN JR,1796,GREEN,OTHER,23,LIBERTARIAN,JO JORGENSEN,87,REPUBLICAN,DONALD J TRUMP,5477,
TUCKER,2000,DEMOCRAT,AL GORE,1319,REPUBLICAN,GEORGE W. BUSH,1935,GREEN,RALPH NADER,50,OTHER,OTHER,42,
TUCKER,2004,DEMOCRAT,JOHN KERRY,1400,REPUBLICAN,GEORGE W. BUSH,2179,OTHER,OTHER,21,
TUCKER,2008,DEMOCRAT,BARACK OBAMA,1288,REPUBLICAN,JOHN MCCAIN,2123,OTHER,OTHER,96,
TUCKER,2012,DEMOCRAT,BARACK OBAMA,880,REPUBLICAN,MITT ROMNEY,2176,OTHER,OTHER,82,
TUCKER,2016,DEMOCRAT,HILLARY CLINTON,751,REPUBLICAN,DONALD TRUMP,2565,OTHER,OTHER,159,
TUCKER,2020,DEMOCRAT,JOSEPH R BIDEN JR,938,GREEN,OTHER,11,LIBERTARIAN,JO JORGENSEN,54,REPUBLICAN,DONALD J TRUMP,2841,
TYLER,2000,DEMOCRAT,AL GORE,1214,REPUBLICAN,GEORGE W. BUSH,2582,GREEN,RALPH NADER,80,OTHER,OTHER,52,
TYLER,2004,DEMOCRAT,JOHN KERRY,1401,REPUBLICAN,GEORGE W. BUSH,2798,OTHER,OTHER,46,
TYLER,2008,DEMOCRAT,BARACK OBAMA,1241,REPUBLICAN,JOHN MCCAIN,2415,OTHER,OTHER,85,
TYLER,2012,DEMOCRAT,BARACK OBAMA,890,REPUBLICAN,MITT ROMNEY,2314,OTHER,OTHER,75,
TYLER,2016,DEMOCRAT,HILLARY CLINTON,507,REPUBLICAN,DONALD TRUMP,2996,OTHER,OTHER,151,
TYLER,2020,DEMOCRAT,JOSEPH R BIDEN JR,631,GREEN,OTHER,9,LIBERTARIAN,JO JORGENSEN,56,REPUBLICAN,DONALD J TRUMP,3226,
UPSHUR,2000,DEMOCRAT,AL GORE,2770,REPUBLICAN,GEORGE W. BUSH,5165,GREEN,RALPH NADER,130,OTHER,OTHER,58,
UPSHUR,2004,DEMOCRAT,JOHN KERRY,3034,REPUBLICAN,GEORGE W. BUSH,6191,OTHER,OTHER,68,
UPSHUR,2008,DEMOCRAT,BARACK OBAMA,2925,REPUBLICAN,JOHN MCCAIN,5911,OTHER,OTHER,135,
UPSHUR,2012,DEMOCRAT,BARACK OBAMA,2158,REPUBLICAN,MITT ROMNEY,5939,OTHER,OTHER,176,
UPSHUR,2016,DEMOCRAT,HILLARY CLINTON,1766,REPUBLICAN,DONALD TRUMP,7005,OTHER,OTHER,447,
UPSHUR,2020,DEMOCRAT,JOSEPH R BIDEN JR,2256,GREEN,OTHER,27,LIBERTARIAN,JO JORGENSEN,167,REPUBLICAN,DONALD J TRUMP,7771,
WAYNE,2000,DEMOCRAT,AL GORE,7940,REPUBLICAN,GEORGE W. BUSH,7993,GREEN,RALPH NADER,182,OTHER,OTHER,126,
WAYNE,2004,DEMOCRAT,JOHN KERRY,8411,REPUBLICAN,GEORGE W. BUSH,10070,OTHER,OTHER,128,
WAYNE,2008,DEMOCRAT,BARACK OBAMA,6137,REPUBLICAN,JOHN MCCAIN,8947,OTHER,OTHER,346,
WAYNE,2012,DEMOCRAT,BARACK OBAMA,4931,REPUBLICAN,MITT ROMNEY,8688,OTHER,OTHER,336,
WAYNE,2016,DEMOCRAT,HILLARY CLINTON,3357,REPUBLICAN,DONALD TRUMP,11152,OTHER,OTHER,673,
WAYNE,2020,DEMOCRAT,JOSEPH R BIDEN JR,4088,GREEN,OTHER,51,LIBERTARIAN,JO JORGENSEN,223,REPUBLICAN,DONALD J TRUMP,12585,
WEBSTER,2000,DEMOCRAT,AL GORE,1764,REPUBLICAN,GEORGE W. BUSH,1484,GREEN,RALPH NADER,35,OTHER,OTHER,25,
WEBSTER,2004,DEMOCRAT,JOHN KERRY,1965,REPUBLICAN,GEORGE W. BUSH,1724,OTHER,OTHER,25,
WEBSTER,2008,DEMOCRAT,BARACK OBAMA,1552,REPUBLICAN,JOHN MCCAIN,1386,OTHER,OTHER,119,
WEBSTER,2012,DEMOCRAT,BARACK OBAMA,947,REPUBLICAN,MITT ROMNEY,1710,OTHER,OTHER,98,
WEBSTER,2016,DEMOCRAT,HILLARY CLINTON,556,REPUBLICAN,DONALD TRUMP,2302,OTHER,OTHER,120,
WEBSTER,2020,DEMOCRAT,JOSEPH R BIDEN JR,610,GREEN,OTHER,10,LIBERTARIAN,JO JORGENSEN,23,REPUBLICAN,DONALD J TRUMP,2759,
WETZEL,2000,DEMOCRAT,AL GORE,2849,REPUBLICAN,GEORGE W. BUSH,3239,GREEN,RALPH NADER,104,OTHER,OTHER,96,
WETZEL,2004,DEMOCRAT,JOHN KERRY,3330,REPUBLICAN,GEORGE W. BUSH,3656,OTHER,OTHER,52,
WETZEL,2008,DEMOCRAT,BARACK OBAMA,2942,REPUBLICAN,JOHN MCCAIN,3342,OTHER,OTHER,170,
WETZEL,2012,DEMOCRAT,BARACK OBAMA,2217,REPUBLICAN,MITT ROMNEY,3473,OTHER,OTHER,166,
WETZEL,2016,DEMOCRAT,HILLARY CLINTON,1359,REPUBLICAN,DONALD TRUMP,4519,OTHER,OTHER,387,
WETZEL,2020,DEMOCRAT,JOSEPH R BIDEN JR,1539,GREEN,OTHER,32,LIBERTARIAN,JO JORGENSEN,103,REPUBLICAN,DONALD J TRUMP,4993,
WIRT,2000,DEMOCRAT,AL GORE,818,REPUBLICAN,GEORGE W. BUSH,1518,GREEN,RALPH NADER,21,OTHER,OTHER,25,
WIRT,2004,DEMOCRAT,JOHN KERRY,896,REPUBLICAN,GEORGE W. BUSH,1727,OTHER,OTHER,31,
WIRT,2008,DEMOCRAT,BARACK OBAMA,782,REPUBLICAN,JOHN MCCAIN,1496,OTHER,OTHER,48,
WIRT,2012,DEMOCRAT,BARACK OBAMA,676,REPUBLICAN,MITT ROMNEY,1427,OTHER,OTHER,68,
WIRT,2016,DEMOCRAT,HILLARY CLINTON,386,REPUBLICAN,DONALD TRUMP,1911,OTHER,OTHER,125,
WIRT,2020,DEMOCRAT,JOSEPH R BIDEN JR,466,GREEN,OTHER,8,LIBERTARIAN,JO JORGENSEN,45,REPUBLICAN,DONALD J TRUMP,2134,
WOOD,2000,DEMOCRAT,AL GORE,12664,REPUBLICAN,GEORGE W. BUSH,20428,GREEN,RALPH NADER,582,OTHER,OTHER,183,
WOOD,2004,DEMOCRAT,JOHN KERRY,14025,REPUBLICAN,GEORGE W. BUSH,24948,OTHER,OTHER,254,
WOOD,2008,DEMOCRAT,BARACK OBAMA,12573,REPUBLICAN,JOHN MCCAIN,22896,OTHER,OTHER,533,
WOOD,2012,DEMOCRAT,BARACK OBAMA,11230,REPUBLICAN,MITT ROMNEY,22183,OTHER,OTHER,564,
WOOD,2016,DEMOCRAT,HILLARY CLINTON,8400,REPUBLICAN,DONALD TRUMP,25434,OTHER,OTHER,1781,
WOOD,2020,DEMOCRAT,JOSEPH R BIDEN JR,10926,GREEN,OTHER,111,LIBERTARIAN,JO JORGENSEN,523,REPUBLICAN,DONALD J TRUMP,27202,
WYOMING,2000,DEMOCRAT,AL GORE,4289,REPUBLICAN,GEORGE W. BUSH,3473,GREEN,RALPH NADER,66,OTHER,OTHER,50,
WYOMING,2004,DEMOCRAT,JOHN KERRY,3694,REPUBLICAN,GEORGE W. BUSH,4985,OTHER,OTHER,39,
WYOMING,2008,DEMOCRAT,BARACK OBAMA,2735,REPUBLICAN,JOHN MCCAIN,4621,OTHER,OTHER,174,
WYOMING,2012,DEMOCRAT,BARACK OBAMA,1583,REPUBLICAN,MITT ROMNEY,5769,OTHER,OTHER,171,
WYOMING,2016,DEMOCRAT,HILLARY CLINTON,1062,REPUBLICAN,DONALD TRUMP,6547,OTHER,OTHER,222,
WYOMING,2020,DEMOCRAT,JOSEPH R BIDEN JR,1157,GREEN,OTHER,16,LIBERTARIAN,JO JORGENSEN,66,REPUBLICAN,DONALD J TRUMP,7353,
